"","X","deal.id","target.country","inv.country","production.size","crop","lat","long","nir_m3_i","water_b_m3_i","water_g_m3_i","production_tFM_i","yield_tFMperHA_i","IR_m3_i","area_ha_i"
"1",1,1098,"Angola","Angola, Brazil",1450,"Sugar Cane",-9.428079,15.74621,0,0,12646249.5109757,19477.258986666,6.40658050965837,0,3040.19577328384
"2",2,1130,"Cote d'Ivoire","CÃ´te d'Ivoire, Singapore",31573,"Oil Palm",7.539989,-5.54708,0,0,10597203.1624706,11847.1800091034,3.88162975871548,0,3052.11489645625
"3",3,1167,"Congo","South Africa",500,"Cereals (no specification)",-3.18427,12.2547919,0,0,10396180.9494361,10451.9832857824,3.39869161827506,0,3075.29616090532
"4",4,1167,"Congo","South Africa",500,"Wheat",-3.18427,12.2547919,0,0,10396180.9494361,10451.9832857824,3.39869161827506,0,3075.29616090532
"5",5,1167,"Congo","South Africa",500,"Rice",-3.18427,12.2547919,0,0,10396180.9494361,10451.9832857824,3.39869161827506,0,3075.29616090532
"6",6,1167,"Congo","South Africa",500,"Soya Beans",-3.18427,12.2547919,0,0,10396180.9494361,10451.9832857824,3.39869161827506,0,3075.29616090532
"7",7,1167,"Congo","South Africa",500,"Sugar Cane",-3.18427,12.2547919,0,0,10396180.9494361,10451.9832857824,3.39869161827506,0,3075.29616090532
"8",8,1181,"Egypt","Saudi Arabia",1575,"Barley",22.4687069,31.903938,0,0,0,264.042579704146,0.0926173905607689,0,2850.89633928846
"9",9,1181,"Egypt","Saudi Arabia",1575,"Alfalfa",22.4687069,31.903938,0,0,0,264.042579704146,0.0926173905607689,0,2850.89633928846
"10",10,1181,"Egypt","Saudi Arabia",1575,"Corn (Maize)",22.4687069,31.903938,0,0,0,264.042579704146,0.0926173905607689,0,2850.89633928846
"11",11,1181,"Egypt","Saudi Arabia",1575,"Wheat",22.4687069,31.903938,0,0,0,264.042579704146,0.0926173905607689,0,2850.89633928846
"12",12,1189,"Ethiopia","Germany, Luxembourg",500,"Peas",7.5460377,40.6346851,0,0,0,0,0,0,0
"13",13,1189,"Ethiopia","Germany, Luxembourg",500,"Castor Oil Plant",7.5460377,40.6346851,0,0,0,0,0,0,0
"14",14,1205,"Ethiopia","India",1000,"Corn (Maize)",7.9219687,34.1531947,0,0,10874443.7627301,11378.2179047191,3.72797823500359,0,3052.11489645625
"15",15,1205,"Ethiopia","India",1000,"Oil Palm",7.9219687,34.1531947,0,0,10874443.7627301,11378.2179047191,3.72797823500359,0,3052.11489645625
"16",16,1205,"Ethiopia","India",1000,"Rice",7.9219687,34.1531947,0,0,10874443.7627301,11378.2179047191,3.72797823500359,0,3052.11489645625
"17",17,1205,"Ethiopia","India",1000,"Sugar Cane",7.9219687,34.1531947,0,0,10874443.7627301,11378.2179047191,3.72797823500359,0,3052.11489645625
"18",18,1221,"Ethiopia","India",333.3333333333,"Pulses",8.24478,34.588169,0,0,13241178.7673219,16355.0498634289,5.36517185878632,0,3048.37390001681
"19",19,1221,"Ethiopia","India",333.3333333333,"Corn (Maize)",8.24478,34.588169,0,0,13241178.7673219,16355.0498634289,5.36517185878632,0,3048.37390001681
"20",20,1221,"Ethiopia","India",333.3333333333,"Soya Beans",8.24478,34.588169,0,0,13241178.7673219,16355.0498634289,5.36517185878632,0,3048.37390001681
"21",21,1235,"Ethiopia","Saudi Arabia, Ethiopia",1400,"Pineapple",7.3410659,37.3496638,0,0,21824395.2001519,30485.3882709191,9.97681443566411,0,3055.62346252958
"22",22,1244,"Ethiopia","Saudi Arabia",70,"Oil Seeds",7.8916667,34.5333333,0,-1.26506401761725e-09,12888858.2230222,14186.186629974,4.64798577748344,0,3052.11489645625
"23",23,1244,"Ethiopia","Saudi Arabia",70,"Teff",7.8916667,34.5333333,0,-1.26506401761725e-09,12888858.2230222,14186.186629974,4.64798577748344,0,3052.11489645625
"24",24,1244,"Ethiopia","Saudi Arabia",70,"Corn (Maize)",7.8916667,34.5333333,0,-1.26506401761725e-09,12888858.2230222,14186.186629974,4.64798577748344,0,3052.11489645625
"25",25,1244,"Ethiopia","Saudi Arabia",70,"Rice",7.8916667,34.5333333,0,-1.26506401761725e-09,12888858.2230222,14186.186629974,4.64798577748344,0,3052.11489645625
"26",26,1244,"Ethiopia","Saudi Arabia",70,"Sugar Cane",7.8916667,34.5333333,0,-1.26506401761725e-09,12888858.2230222,14186.186629974,4.64798577748344,0,3052.11489645625
"27",27,1297,"Ethiopia","United States of America",3000,"Wheat",6.916667,37.233333,0,0,17788588.0733559,23778.1365400133,7.77342892545698,0,3058.89933104591
"28",28,1303,"Ethiopia","India",23.3333333333,"Coffee Plant",7.3187397,35.1268781,0,-2.26826419899005e-10,15259757.2753085,20360.6524967504,6.66333818496568,0,3055.62346252958
"29",29,1303,"Ethiopia","India",23.3333333333,"Eucalyptus",7.3187397,35.1268781,0,-2.26826419899005e-10,15259757.2753085,20360.6524967504,6.66333818496568,0,3055.62346252958
"30",30,1303,"Ethiopia","India",23.3333333333,"Tea",7.3187397,35.1268781,0,-2.26826419899005e-10,15259757.2753085,20360.6524967504,6.66333818496568,0,3055.62346252958
"31",31,1304,"Ethiopia","India",312.5,"Oil Seeds",11.75,36.183333,0,-2.03861842518171e-10,18162269.4482881,27937.2498802719,9.26391991314456,0,3015.70503007391
"32",32,1304,"Ethiopia","India",312.5,"Oil Seeds",11.75,35.2876256,0,0,10554273.6838742,11840.0584525884,3.92613280626397,0,3015.70503007391
"33",33,1304,"Ethiopia","India",312.5,"Oil Seeds",11.269533,36.183333,0,5.89715393706859e-11,16813088.2089207,23355.1344041515,7.73076433788314,0,3021.06407379463
"34",34,1304,"Ethiopia","India",312.5,"Oil Seeds",11.269533,35.2876256,0,9.8913304322926e-11,12664802.5099697,14604.9834308687,4.83438387075451,0,3021.06407379463
"35",35,1304,"Ethiopia","India",312.5,"Pongamia Pinnata",11.75,36.183333,0,-2.03861842518171e-10,18162269.4482881,27937.2498802719,9.26391991314456,0,3015.70503007391
"36",36,1304,"Ethiopia","India",312.5,"Pongamia Pinnata",11.75,35.2876256,0,0,10554273.6838742,11840.0584525884,3.92613280626397,0,3015.70503007391
"37",37,1304,"Ethiopia","India",312.5,"Pongamia Pinnata",11.269533,36.183333,0,5.89715393706859e-11,16813088.2089207,23355.1344041515,7.73076433788314,0,3021.06407379463
"38",38,1304,"Ethiopia","India",312.5,"Pongamia Pinnata",11.269533,35.2876256,0,9.8913304322926e-11,12664802.5099697,14604.9834308687,4.83438387075451,0,3021.06407379463
"39",39,1305,"Ethiopia","Pakistan",26000,"Sugar Cane",7.5460377,40.6346851,0,0,0,0,0,0,0
"40",40,1319,"Ethiopia","Netherlands, Ethiopia",200,"Jatropha",7.5460377,40.6346851,0,0,0,0,0,0,0
"41",41,1322,"Ghana","Italy",1400,"Jatropha",8.2166667,-0.65,0,0,11340018.8192243,11554.1397964842,3.79026332577526,0,3048.37390001681
"42",42,1323,"Ghana","Israel",1000,"Jatropha",6.5781373,0.4502368,0,0,11092083.5206711,11496.4728596191,3.75836914374302,0,3058.89933104591
"43",43,1337,"Ghana","United States of America",9.375,"Cacao",5.8827593,0.3607137,0,0,8589959.80739373,9305.24923872799,3.03621606351772,0,3064.75199526711
"44",44,1337,"Ghana","United States of America",9.375,"Cacao",5.8827593,-0.7152749,0,0,8549494.56841814,9679.42001645364,3.15830449948366,0,3064.75199526711
"45",45,1337,"Ghana","United States of America",9.375,"Cacao",5.4354319,0.3607137,0,0,8589959.80739373,9305.24923872799,3.03621606351772,0,3064.75199526711
"46",46,1337,"Ghana","United States of America",9.375,"Cacao",5.4354319,-0.7152749,0,9.829922444271e-11,9390935.38242729,10053.8985074544,3.27773794512791,0,3067.32834526894
"47",47,1337,"Ghana","United States of America",9.375,"Sun Flower",5.8827593,0.3607137,0,0,8589959.80739373,9305.24923872799,3.03621606351772,0,3064.75199526711
"48",48,1337,"Ghana","United States of America",9.375,"Sun Flower",5.8827593,-0.7152749,0,0,8549494.56841814,9679.42001645364,3.15830449948366,0,3064.75199526711
"49",49,1337,"Ghana","United States of America",9.375,"Sun Flower",5.4354319,0.3607137,0,0,8589959.80739373,9305.24923872799,3.03621606351772,0,3064.75199526711
"50",50,1337,"Ghana","United States of America",9.375,"Sun Flower",5.4354319,-0.7152749,0,9.829922444271e-11,9390935.38242729,10053.8985074544,3.27773794512791,0,3067.32834526894
"51",51,1337,"Ghana","United States of America",9.375,"Jatropha",5.8827593,0.3607137,0,0,8589959.80739373,9305.24923872799,3.03621606351772,0,3064.75199526711
"52",52,1337,"Ghana","United States of America",9.375,"Jatropha",5.8827593,-0.7152749,0,0,8549494.56841814,9679.42001645364,3.15830449948366,0,3064.75199526711
"53",53,1337,"Ghana","United States of America",9.375,"Jatropha",5.4354319,0.3607137,0,0,8589959.80739373,9305.24923872799,3.03621606351772,0,3064.75199526711
"54",54,1337,"Ghana","United States of America",9.375,"Jatropha",5.4354319,-0.7152749,0,9.829922444271e-11,9390935.38242729,10053.8985074544,3.27773794512791,0,3067.32834526894
"55",55,1337,"Ghana","United States of America",9.375,"Oil Palm",5.8827593,0.3607137,0,0,8589959.80739373,9305.24923872799,3.03621606351772,0,3064.75199526711
"56",56,1337,"Ghana","United States of America",9.375,"Oil Palm",5.8827593,-0.7152749,0,0,8549494.56841814,9679.42001645364,3.15830449948366,0,3064.75199526711
"57",57,1337,"Ghana","United States of America",9.375,"Oil Palm",5.4354319,0.3607137,0,0,8589959.80739373,9305.24923872799,3.03621606351772,0,3064.75199526711
"58",58,1337,"Ghana","United States of America",9.375,"Oil Palm",5.4354319,-0.7152749,0,9.829922444271e-11,9390935.38242729,10053.8985074544,3.27773794512791,0,3067.32834526894
"59",59,1338,"Ghana","United Kingdom of Great Britain and Northern Ireland, Ghana",5,"Jatropha",7.946527,-1.023194,0,0,11049534.2651214,11373.4501171785,3.72641610916547,0,3052.11489645625
"60",60,1348,"Ghana","United States of America, Ghana",303,"Rice",6.5781373,0.4502368,0,0,11092083.5206711,11496.4728596191,3.75836914374302,0,3058.89933104591
"61",61,1363,"Kenya","Canada",19,"Jatropha",-2.2694764,40.1107088,0,0,10151486.6285526,12453.9905428477,4.0462945034373,0,3077.87545673409
"62",62,1383,"Kenya","Kenya",250,"Corn (Maize)",-1.5618499,40.1153755,0,-1.39581256639183e-10,4145248.78931306,2725.1784593449,0.885139163274266,0,3078.81356109478
"63",63,1388,"Liberia","Malaysia",555.5555555556,"Oil Palm",6.673103,-11.16484,0,0,11822741.1316957,12059.4198655245,3.94240495041108,0,3058.89933104591
"64",64,1388,"Liberia","Malaysia",555.5555555556,"Oil Palm",6.673103,-10.0807298,0,0,12536557.4332626,13667.7782280054,4.46820138514727,0,3058.89933104591
"65",65,1388,"Liberia","Malaysia",555.5555555556,"Oil Palm",6.673103,-11.0711758,0,0,11822741.1316957,12059.4198655245,3.94240495041108,0,3058.89933104591
"66",66,1388,"Liberia","Malaysia",555.5555555556,"Oil Palm",7.4952637,-11.16484,0,0,11937403.658863,12011.6594916623,3.93100119794161,0,3055.62346252958
"67",67,1388,"Liberia","Malaysia",555.5555555556,"Oil Palm",7.4952637,-10.0807298,0,0,12531739.5803669,13637.6981307634,4.46314747153875,0,3055.62346252958
"68",68,1388,"Liberia","Malaysia",555.5555555556,"Oil Palm",7.4952637,-11.0711758,0,0,11937403.658863,12011.6594916623,3.93100119794161,0,3055.62346252958
"69",69,1388,"Liberia","Malaysia",555.5555555556,"Oil Palm",7.0467758,-11.16484,0,0,11937403.658863,12011.6594916623,3.93100119794161,0,3055.62346252958
"70",70,1388,"Liberia","Malaysia",555.5555555556,"Oil Palm",7.0467758,-10.0807298,0,0,12531739.5803669,13637.6981307634,4.46314747153875,0,3055.62346252958
"71",71,1388,"Liberia","Malaysia",555.5555555556,"Oil Palm",7.0467758,-11.0711758,0,0,11937403.658863,12011.6594916623,3.93100119794161,0,3055.62346252958
"72",72,1388,"Liberia","Malaysia",555.5555555556,"Rubber",6.673103,-11.16484,0,0,11822741.1316957,12059.4198655245,3.94240495041108,0,3058.89933104591
"73",73,1388,"Liberia","Malaysia",555.5555555556,"Rubber",6.673103,-10.0807298,0,0,12536557.4332626,13667.7782280054,4.46820138514727,0,3058.89933104591
"74",74,1388,"Liberia","Malaysia",555.5555555556,"Rubber",6.673103,-11.0711758,0,0,11822741.1316957,12059.4198655245,3.94240495041108,0,3058.89933104591
"75",75,1388,"Liberia","Malaysia",555.5555555556,"Rubber",7.4952637,-11.16484,0,0,11937403.658863,12011.6594916623,3.93100119794161,0,3055.62346252958
"76",76,1388,"Liberia","Malaysia",555.5555555556,"Rubber",7.4952637,-10.0807298,0,0,12531739.5803669,13637.6981307634,4.46314747153875,0,3055.62346252958
"77",77,1388,"Liberia","Malaysia",555.5555555556,"Rubber",7.4952637,-11.0711758,0,0,11937403.658863,12011.6594916623,3.93100119794161,0,3055.62346252958
"78",78,1388,"Liberia","Malaysia",555.5555555556,"Rubber",7.0467758,-11.16484,0,0,11937403.658863,12011.6594916623,3.93100119794161,0,3055.62346252958
"79",79,1388,"Liberia","Malaysia",555.5555555556,"Rubber",7.0467758,-10.0807298,0,0,12531739.5803669,13637.6981307634,4.46314747153875,0,3055.62346252958
"80",80,1388,"Liberia","Malaysia",555.5555555556,"Rubber",7.0467758,-11.0711758,0,0,11937403.658863,12011.6594916623,3.93100119794161,0,3055.62346252958
"81",81,1393,"Liberia","India, United Kingdom of Great Britain and Northern Ireland, Malaysia",5600,"Oil Palm",6.2308452,-9.8124935,0,0,12198465.6473872,13201.0617616481,4.31133596680935,0,3061.94225253517
"82",82,1395,"Liberia","United Kingdom of Great Britain and Northern Ireland",2000,"Oil Palm",5.49871,-8.6600586,0,0,11268924.1983709,11840.9875284089,3.86035865598559,0,3067.32834526894
"83",83,1414,"Madagascar","United Kingdom of Great Britain and Northern Ireland",55700,"Jatropha",-23.1485269,44.3992892,0,-2.22423170332264e-12,8024478.22506683,10122.7638148511,3.57681332876856,0,2830.10682537804
"84",84,1419,"Madagascar","United Kingdom of Great Britain and Northern Ireland",100,"Corn (Maize)",-16.1333333,46.7666667,0,0,14133981.0999749,14017.6747068512,4.7401948541517,0,2957.19377328419
"85",85,1419,"Madagascar","United Kingdom of Great Britain and Northern Ireland",100,"Jatropha",-16.1333333,46.7666667,0,0,14133981.0999749,14017.6747068512,4.7401948541517,0,2957.19377328419
"86",86,1419,"Madagascar","United Kingdom of Great Britain and Northern Ireland",100,"Vegetables",-16.1333333,46.7666667,0,0,14133981.0999749,14017.6747068512,4.7401948541517,0,2957.19377328419
"87",87,1425,"Madagascar","Germany, Madagascar",420,"Jatropha",-21.3390868,46.516262,0,0,14391623.0106682,21538.6207807083,7.50260899959092,0,2870.81744255668
"88",88,1426,"Madagascar","Germany, Panama",75,"Oil Seeds",-16.3645202,45.9039689,0,1.45247776102506e-10,13986676.4266215,13683.1360572268,4.62706779002534,0,2957.19377328419
"89",89,1426,"Madagascar","Germany, Panama",75,"Jatropha",-16.3645202,45.9039689,0,1.45247776102506e-10,13986676.4266215,13683.1360572268,4.62706779002534,0,2957.19377328419
"90",90,1428,"Madagascar","India",1000,"Corn (Maize)",-22.6558058,46.3624686,0,0,9591275.28313676,8438.67611081474,2.97072701679488,0,2840.60974404819
"91",91,1430,"Madagascar","Norway",20.8333333333,"Accacia",-16.094431,47.644329,0,0,14883067.666973,15972.902553418,5.40137163067229,0,2957.19377328419
"92",92,1430,"Madagascar","Norway",20.8333333333,"Accacia",-16.094431,46.5166667,0,0,14133981.0999749,14017.6747068512,4.7401948541517,0,2957.19377328419
"93",93,1430,"Madagascar","Norway",20.8333333333,"Accacia",-16.7333333,47.644329,0,5.31462741427634e-12,15767090.8076298,19787.1591674153,6.70851355463761,0,2949.55939289061
"94",94,1430,"Madagascar","Norway",20.8333333333,"Accacia",-16.7333333,46.5166667,0,0,14041418.5359703,14227.1711314853,4.82349030359495,0,2949.55939289061
"95",95,1430,"Madagascar","Norway",20.8333333333,"Eucalyptus",-16.094431,47.644329,0,0,14883067.666973,15972.902553418,5.40137163067229,0,2957.19377328419
"96",96,1430,"Madagascar","Norway",20.8333333333,"Eucalyptus",-16.094431,46.5166667,0,0,14133981.0999749,14017.6747068512,4.7401948541517,0,2957.19377328419
"97",97,1430,"Madagascar","Norway",20.8333333333,"Eucalyptus",-16.7333333,47.644329,0,5.31462741427634e-12,15767090.8076298,19787.1591674153,6.70851355463761,0,2949.55939289061
"98",98,1430,"Madagascar","Norway",20.8333333333,"Eucalyptus",-16.7333333,46.5166667,0,0,14041418.5359703,14227.1711314853,4.82349030359495,0,2949.55939289061
"99",99,1430,"Madagascar","Norway",20.8333333333,"Trees",-16.094431,47.644329,0,0,14883067.666973,15972.902553418,5.40137163067229,0,2957.19377328419
"100",100,1430,"Madagascar","Norway",20.8333333333,"Trees",-16.094431,46.5166667,0,0,14133981.0999749,14017.6747068512,4.7401948541517,0,2957.19377328419
"101",101,1430,"Madagascar","Norway",20.8333333333,"Trees",-16.7333333,47.644329,0,5.31462741427634e-12,15767090.8076298,19787.1591674153,6.70851355463761,0,2949.55939289061
"102",102,1430,"Madagascar","Norway",20.8333333333,"Trees",-16.7333333,46.5166667,0,0,14041418.5359703,14227.1711314853,4.82349030359495,0,2949.55939289061
"103",103,1447,"Madagascar","Madagascar",4,"Sugar Cane",-16.3645202,45.9039689,0,1.45247776102506e-10,13986676.4266215,13683.1360572268,4.62706779002534,0,2957.19377328419
"104",104,1454,"Madagascar","Italy",2000,"Jatropha",-22.4036111,46.1258333,0,5.30524037019268e-11,10497432.2014307,11365.8058480692,3.98674819965777,0,2850.89633928846
"105",105,1524,"Mozambique","United Kingdom of Great Britain and Northern Ireland",50,"Jatropha",-13.3003699,35.23962,0,-1.93831037408262e-09,15723963.4380156,20793.0645871569,6.93506311487268,0,2998.25167309074
"106",106,1527,"Mozambique","United States of America",670,"Jatropha",-23.872959,35.34388,0,5.7436854780601e-11,11568117.9715263,12680.2613783337,4.49752203501656,0,2819.38838311594
"107",107,1545,"Mozambique","Sweden, Norway, Netherlands, United States of America, Mozambique",1850,"Eucalyptus",-13.875,35.4286111,0,-5.86441210509777e-10,14762812.4004077,18134.3094378035,6.06097965557152,0,2991.97662231611
"108",108,1545,"Mozambique","Sweden, Norway, Netherlands, United States of America, Mozambique",1850,"Pine",-13.875,35.4286111,0,-5.86441210509777e-10,14762812.4004077,18134.3094378035,6.06097965557152,0,2991.97662231611
"109",109,1546,"Mozambique","Sweden, United States of America, Mozambique",100,"Eucalyptus",-16.85,36.9833333,0,0,13933068.4951739,14296.5619283325,4.84701612138809,0,2949.55939289061
"110",110,1546,"Mozambique","Sweden, United States of America, Mozambique",100,"Eucalyptus",-16.85,37.688499,0,9.96733859161057e-11,13891226.6620382,13511.6806375414,4.58091492244871,0,2949.55939289061
"111",111,1546,"Mozambique","Sweden, United States of America, Mozambique",100,"Eucalyptus",-16.85,36.7509735,0,0,13933068.4951739,14296.5619283325,4.84701612138809,0,2949.55939289061
"112",112,1546,"Mozambique","Sweden, United States of America, Mozambique",100,"Eucalyptus",-16.85,37.3827234,0,0,15115923.0038182,13824.8629241749,4.6870942682142,0,2949.55939289061
"113",113,1546,"Mozambique","Sweden, United States of America, Mozambique",100,"Eucalyptus",-15.63042,36.9833333,0,0,15288626.0638094,17540.0865631746,5.91650445190274,0,2964.60295192269
"114",114,1546,"Mozambique","Sweden, United States of America, Mozambique",100,"Eucalyptus",-15.63042,37.688499,0,0,14672952.5438479,15784.8911340984,5.32445369247885,0,2964.60295192269
"115",115,1546,"Mozambique","Sweden, United States of America, Mozambique",100,"Eucalyptus",-15.63042,36.7509735,0,0,15288626.0638094,17540.0865631746,5.91650445190274,0,2964.60295192269
"116",116,1546,"Mozambique","Sweden, United States of America, Mozambique",100,"Eucalyptus",-15.63042,37.3827234,0,-5.21785675285943e-10,14978025.8212491,16830.344226703,5.67709892341156,0,2964.60295192269
"117",117,1546,"Mozambique","Sweden, United States of America, Mozambique",100,"Eucalyptus",-16.4291224,36.9833333,0,0,14488655.7378097,15768.8823160191,5.33238046775223,0,2957.19377328419
"118",118,1546,"Mozambique","Sweden, United States of America, Mozambique",100,"Eucalyptus",-16.4291224,37.688499,0,-6.05634276878521e-10,14588587.3726068,14326.7092420141,4.84469748700411,0,2957.19377328419
"119",119,1546,"Mozambique","Sweden, United States of America, Mozambique",100,"Eucalyptus",-16.4291224,36.7509735,0,0,14488655.7378097,15768.8823160191,5.33238046775223,0,2957.19377328419
"120",120,1546,"Mozambique","Sweden, United States of America, Mozambique",100,"Eucalyptus",-16.4291224,37.3827234,0,1.57343225331233e-10,14708532.9497594,15380.3122409683,5.2009822216984,0,2957.19377328419
"121",121,1546,"Mozambique","Sweden, United States of America, Mozambique",100,"Eucalyptus",-16.1677375,36.9833333,0,0,14488655.7378097,15768.8823160191,5.33238046775223,0,2957.19377328419
"122",122,1546,"Mozambique","Sweden, United States of America, Mozambique",100,"Eucalyptus",-16.1677375,37.688499,0,-6.05634276878521e-10,14588587.3726068,14326.7092420141,4.84469748700411,0,2957.19377328419
"123",123,1546,"Mozambique","Sweden, United States of America, Mozambique",100,"Eucalyptus",-16.1677375,36.7509735,0,0,14488655.7378097,15768.8823160191,5.33238046775223,0,2957.19377328419
"124",124,1546,"Mozambique","Sweden, United States of America, Mozambique",100,"Eucalyptus",-16.1677375,37.3827234,0,1.57343225331233e-10,14708532.9497594,15380.3122409683,5.2009822216984,0,2957.19377328419
"125",125,1547,"Mozambique","Sweden, Norway, Netherlands, United States of America, Mozambique",3150,"Teak",-15.829214,36.6957216,0,0,15288626.0638094,17540.0865631746,5.91650445190274,0,2964.60295192269
"126",126,1548,"Mozambique","Italy",150,"Jatropha",-14.56477,40.6888689,0,-3.43152093049776e-10,11115223.779665,11533.1971047985,3.87183295355903,0,2978.74346417686
"127",127,1554,"Mozambique","Italy",155,"Sun Flower",-23.873541,35.38826,0,5.7436854780601e-11,11568117.9715263,12680.2613783337,4.49752203501656,0,2819.38838311594
"128",128,1554,"Mozambique","Italy",155,"Jatropha",-23.873541,35.38826,0,5.7436854780601e-11,11568117.9715263,12680.2613783337,4.49752203501656,0,2819.38838311594
"129",129,1563,"Mozambique","Portugal",200,"Jatropha",-16.4291224,36.7509735,0,0,14488655.7378097,15768.8823160191,5.33238046775223,0,2957.19377328419
"130",130,1570,"Mozambique","Norway",825,"Accacia",-15.1166667,39.2666667,0,0,13927561.3881755,14039.0809674956,4.72412187325391,0,2971.78636456847
"131",131,1570,"Mozambique","Norway",825,"Eucalyptus",-15.1166667,39.2666667,0,0,13927561.3881755,14039.0809674956,4.72412187325391,0,2971.78636456847
"132",132,1572,"Mozambique","Netherlands",266.6666666667,"Sun Flower",-15.4666667,36.9833333,0,0,14672654.6523904,17191.5947389596,5.78493627399625,0,2971.78636456847
"133",133,1572,"Mozambique","Netherlands",266.6666666667,"Oil Seeds",-15.4666667,36.9833333,0,0,14672654.6523904,17191.5947389596,5.78493627399625,0,2971.78636456847
"134",134,1572,"Mozambique","Netherlands",266.6666666667,"Soya Beans",-15.4666667,36.9833333,0,0,14672654.6523904,17191.5947389596,5.78493627399625,0,2971.78636456847
"135",135,1577,"Mozambique","Portugal",1000,"Sun Flower",-19.816667,34.016667,0,0,11510091.2995442,11599.9664503595,4.00128867586606,0,2899.05762619057
"136",136,1577,"Mozambique","Portugal",1000,"Corn (Maize)",-19.816667,34.016667,0,0,11510091.2995442,11599.9664503595,4.00128867586606,0,2899.05762619057
"137",137,1577,"Mozambique","Portugal",1000,"Soya Beans",-19.816667,34.016667,0,0,11510091.2995442,11599.9664503595,4.00128867586606,0,2899.05762619057
"138",138,1586,"Mozambique","South Africa, Mozambique",5301.5,"Eucalyptus",-18.9344444,32.8755556,0,0,17704432.5448848,25499.8290703189,8.7424536226353,0,2916.78173782892
"139",139,1586,"Mozambique","South Africa, Mozambique",5301.5,"Pine",-18.9344444,32.8755556,0,0,17704432.5448848,25499.8290703189,8.7424536226353,0,2916.78173782892
"140",140,1652,"Namibia","United Arab Emirates, Namibia",7.5,"Grapes",-26.9451586142,17.9182183268,0,0,4482922.51857294,44.0247950347679,0.0160055324949067,0,2750.59858513157
"141",141,1652,"Namibia","United Arab Emirates, Namibia",7.5,"Palms",-26.9451586142,17.9182183268,0,0,4482922.51857294,44.0247950347679,0.0160055324949067,0,2750.59858513157
"142",142,1680,"Nigeria","Belgium",8000,"Rubber",4.8580767,6.9209135,0,0,9568153.97171126,9768.98933929251,3.18242215562141,0,3069.67110634164
"143",143,1680,"Nigeria","Belgium",8000,"Oil Palm",4.8580767,6.9209135,0,0,9568153.97171126,9768.98933929251,3.18242215562141,0,3069.67110634164
"144",144,1687,"Nigeria","Nigeria",7000,"Sorghum",7.6655813,5.3102505,0,-1.11701383359197e-09,10644902.7034748,12448.1722380234,4.07853985198156,0,3052.11489645625
"145",145,1691,"Nigeria","Nigeria",116.6666666667,"Corn (Maize)",8.9847995,4.5624426,0,0,11360049.3140566,12017.7037131354,3.94747757211347,0,3044.40075810263
"146",146,1691,"Nigeria","Nigeria",116.6666666667,"Grains",8.9847995,4.5624426,0,0,11360049.3140566,12017.7037131354,3.94747757211347,0,3044.40075810263
"147",147,1691,"Nigeria","Nigeria",116.6666666667,"Soya Beans",8.9847995,4.5624426,0,0,11360049.3140566,12017.7037131354,3.94747757211347,0,3044.40075810263
"148",148,1745,"South Sudan","South Sudan",344,"Rice",8.770132,27.39286,0,6.49238187186039e-12,9069856.84947629,9586.01631617685,3.14873667360113,0,3044.40075810263
"149",149,1755,"South Sudan","United Kingdom of Great Britain and Northern Ireland",1489,"Teak",4.633031,28.248631,0,4.94244639383179e-11,13038491.725857,14709.3288532963,4.79182568546456,0,3069.67110634164
"150",150,1761,"South Sudan","Canada",8,"Sorghum",5.1033333,31.5847222,0,0,7868938.44016862,8560.89702090052,2.79099465634479,0,3067.32834526894
"151",151,1761,"South Sudan","Canada",8,"Corn (Maize)",5.1033333,31.5847222,0,0,7868938.44016862,8560.89702090052,2.79099465634479,0,3067.32834526894
"152",152,1761,"South Sudan","Canada",8,"Wheat",5.1033333,31.5847222,0,0,7868938.44016862,8560.89702090052,2.79099465634479,0,3067.32834526894
"153",153,1772,"Senegal","Belgium",6,"Jatropha",16.5105628,-15.5034785,0,6.24410990195782e-11,5218894.20341062,339.240119592111,0.115013828984013,0,2949.55939289061
"154",154,1777,"Senegal","France",100,"Tomatoes",16.0246299,-16.489531,0,1.42393594825733e-11,5357804.65589639,1836.05434516276,0.620877252532452,0,2957.19377328419
"155",155,1777,"Senegal","France",100,"Corn (Maize)",16.0246299,-16.489531,0,1.42393594825733e-11,5357804.65589639,1836.05434516276,0.620877252532452,0,2957.19377328419
"156",156,1820,"Sierra Leone","Netherlands",16.6666666667,"Sorghum",8.6447707,-12.4505969,0,0,12156263.9831515,12055.3865221104,3.95985531472003,0,3044.40075810263
"157",157,1820,"Sierra Leone","Netherlands",16.6666666667,"Sesame",8.6447707,-12.4505969,0,0,12156263.9831515,12055.3865221104,3.95985531472003,0,3044.40075810263
"158",158,1820,"Sierra Leone","Netherlands",16.6666666667,"Rice",8.6447707,-12.4505969,0,0,12156263.9831515,12055.3865221104,3.95985531472003,0,3044.40075810263
"159",159,1839,"United Republic of Tanzania","United Kingdom of Great Britain and Northern Ireland, United Republic of Tanzania",3000,"Rice",-8.4078032347,36.1483154297,0,0,11834197.1795313,13892.6711470212,4.55740391522988,0,3048.37390001681
"160",160,1854,"United Republic of Tanzania","Singapore",2,"Rice (hybrid)",-6.445776,38.8996009,0,-8.58656761753268e-10,9238776.26863454,9995.44919034523,3.26441466427702,0,3061.94225253517
"161",161,1875,"United Republic of Tanzania","Norway",360,"Oil Palm",-8.1021532,38.3756156,0,5.77404645492776e-12,9034443.25167617,9029.51720158002,2.96207666701588,0,3048.37390001681
"162",162,1876,"United Republic of Tanzania","United Kingdom of Great Britain and Northern Ireland",750,"Pine",-7.7340887,35.7171133,0,0,12299323.5276262,19415.5954524482,6.3613579799998,0,3052.11489645625
"163",163,1876,"United Republic of Tanzania","United Kingdom of Great Britain and Northern Ireland",750,"Trees",-7.7340887,35.7171133,0,0,12299323.5276262,19415.5954524482,6.3613579799998,0,3052.11489645625
"164",164,1880,"United Republic of Tanzania","United Republic of Tanzania",100,"Sun Flower",-6.1730556,35.7419444,0,-4.95420793087076e-10,12313726.7298176,15004.1285822837,4.90019972449214,0,3061.94225253517
"165",165,1880,"United Republic of Tanzania","United Republic of Tanzania",100,"Jatropha",-6.1730556,35.7419444,0,-4.95420793087076e-10,12313726.7298176,15004.1285822837,4.90019972449214,0,3061.94225253517
"166",166,1889,"United Republic of Tanzania","United Republic of Tanzania",1000,"Barley",-8.8566158,34.0251538,0,-1.55491652067068e-09,14704143.4916361,18702.7607500337,6.1433307360263,0,3044.40075810263
"167",167,1889,"United Republic of Tanzania","United Republic of Tanzania",1000,"Jatropha",-8.8566158,34.0251538,0,-1.55491652067068e-09,14704143.4916361,18702.7607500337,6.1433307360263,0,3044.40075810263
"168",168,1889,"United Republic of Tanzania","United Republic of Tanzania",1000,"Rice",-8.8566158,34.0251538,0,-1.55491652067068e-09,14704143.4916361,18702.7607500337,6.1433307360263,0,3044.40075810263
"169",169,1895,"United Republic of Tanzania","Sweden, United Republic of Tanzania",200,"Sugar Cane",-6.445776,38.8996009,0,-8.58656761753268e-10,9238776.26863454,9995.44919034523,3.26441466427702,0,3061.94225253517
"170",170,1958,"Uganda","India, Uganda",10000,"Sugar Cane",0.616667,33.15,0,7.32418172211348e-11,10226800.9574738,11996.3636865969,3.89494056750379,0,3079.98632551284
"171",171,1963,"Uganda","Germany",1802,"Coffee Plant",0.5772758,31.5370003,0,0,15315909.6983577,20702.7813978111,6.72171211486271,0,3079.98632551284
"172",172,1976,"Uganda","Kenya, Singapore",7500,"Oil Palm",-0.4462387773,32.2123620288,0,0,15463902.7104229,20348.6554164827,6.60623250793223,0,3080.22089625965
"173",173,1978,"Uganda","China",28.8333333333,"Corn (Maize)",0.8330556,32.4994444,0,-3.12096086791199e-10,10641216.4637481,13883.0037802417,4.50748877202566,0,3079.98632551284
"174",174,1978,"Uganda","China",28.8333333333,"Fruit",0.8330556,32.4994444,0,-3.12096086791199e-10,10641216.4637481,13883.0037802417,4.50748877202566,0,3079.98632551284
"175",175,1978,"Uganda","China",28.8333333333,"Rice",0.8330556,32.4994444,0,-3.12096086791199e-10,10641216.4637481,13883.0037802417,4.50748877202566,0,3079.98632551284
"176",176,1978,"Uganda","China",28.8333333333,"Trees",0.8330556,32.4994444,0,-3.12096086791199e-10,10641216.4637481,13883.0037802417,4.50748877202566,0,3079.98632551284
"177",177,1978,"Uganda","China",28.8333333333,"Vegetables",0.8330556,32.4994444,0,-3.12096086791199e-10,10641216.4637481,13883.0037802417,4.50748877202566,0,3079.98632551284
"178",178,1978,"Uganda","China",28.8333333333,"Wheat",0.8330556,32.4994444,0,-3.12096086791199e-10,10641216.4637481,13883.0037802417,4.50748877202566,0,3079.98632551284
"179",179,1999,"Democratic Republic of the Congo","Canada, Democratic Republic of the Congo",1983.7777777778,"Oil Palm",2.2505416653,22.9221724497,0,-1.06014328456058e-10,7883450.85116634,8351.30066666461,2.71333287654404,0,3077.87545673409
"180",180,1999,"Democratic Republic of the Congo","Canada, Democratic Republic of the Congo",1983.7777777778,"Oil Palm",2.2505416653,19.066608,0,0,8020928.59941889,8091.3876040213,2.62888726907976,0,3077.87545673409
"181",181,1999,"Democratic Republic of the Congo","Canada, Democratic Republic of the Congo",1983.7777777778,"Oil Palm",2.2505416653,23.6025,0,0,8083226.27147469,7337.22045936725,2.38385878912486,0,3077.87545673409
"182",182,1999,"Democratic Republic of the Congo","Canada, Democratic Republic of the Congo",1983.7777777778,"Oil Palm",-0.315425,22.9221724497,0,0,11251929.9969395,13262.733284093,4.30577342689875,0,3080.22089625965
"183",183,1999,"Democratic Republic of the Congo","Canada, Democratic Republic of the Congo",1983.7777777778,"Oil Palm",-0.315425,19.066608,0,0,11371029.1142357,12847.6971810932,4.17103110906569,0,3080.22089625965
"184",184,1999,"Democratic Republic of the Congo","Canada, Democratic Republic of the Congo",1983.7777777778,"Oil Palm",-0.315425,23.6025,0,-3.17365093722449e-11,9480789.82146673,11531.4363272007,3.74370433666088,0,3080.22089625965
"185",185,1999,"Democratic Republic of the Congo","Canada, Democratic Republic of the Congo",1983.7777777778,"Oil Palm",1.14444,22.9221724497,0,0,9053173.46656721,10055.7887255328,3.26537832598729,0,3079.51720188269
"186",186,1999,"Democratic Republic of the Congo","Canada, Democratic Republic of the Congo",1983.7777777778,"Oil Palm",1.14444,19.066608,0,0,9016463.23068466,11228.1230131648,3.64606601525084,0,3079.51720188269
"187",187,1999,"Democratic Republic of the Congo","Canada, Democratic Republic of the Congo",1983.7777777778,"Oil Palm",1.14444,23.6025,0,0,9422553.88621345,9675.99309754066,3.14204872491868,0,3079.51720188269
"188",188,2050,"Zambia","South Africa",32.0625,"Banana",-17.9244444,25.8566667,0,9.2719677587857e-11,11596240.8438736,12057.9661743547,4.11027228695223,0,2933.61736949443
"189",189,2050,"Zambia","South Africa",32.0625,"Banana",-17.9244444,23.0685424805,0,-1.82074216104809e-11,13139292.4248674,15322.461006857,5.22306050072837,0,2933.61736949443
"190",190,2050,"Zambia","South Africa",32.0625,"Banana",-14.9713200173,25.8566667,0,-1.31362691545109e-09,14193968.9561853,17240.0422166289,5.78768948181074,0,2978.74346417686
"191",191,2050,"Zambia","South Africa",32.0625,"Banana",-14.9713200173,23.0685424805,0,0,15637426.8775778,16894.3236014299,5.67162758545857,0,2978.74346417686
"192",192,2050,"Zambia","South Africa",32.0625,"Corn (Maize)",-17.9244444,25.8566667,0,9.2719677587857e-11,11596240.8438736,12057.9661743547,4.11027228695223,0,2933.61736949443
"193",193,2050,"Zambia","South Africa",32.0625,"Corn (Maize)",-17.9244444,23.0685424805,0,-1.82074216104809e-11,13139292.4248674,15322.461006857,5.22306050072837,0,2933.61736949443
"194",194,2050,"Zambia","South Africa",32.0625,"Corn (Maize)",-14.9713200173,25.8566667,0,-1.31362691545109e-09,14193968.9561853,17240.0422166289,5.78768948181074,0,2978.74346417686
"195",195,2050,"Zambia","South Africa",32.0625,"Corn (Maize)",-14.9713200173,23.0685424805,0,0,15637426.8775778,16894.3236014299,5.67162758545857,0,2978.74346417686
"196",196,2050,"Zambia","South Africa",32.0625,"Soya Beans",-17.9244444,25.8566667,0,9.2719677587857e-11,11596240.8438736,12057.9661743547,4.11027228695223,0,2933.61736949443
"197",197,2050,"Zambia","South Africa",32.0625,"Soya Beans",-17.9244444,23.0685424805,0,-1.82074216104809e-11,13139292.4248674,15322.461006857,5.22306050072837,0,2933.61736949443
"198",198,2050,"Zambia","South Africa",32.0625,"Soya Beans",-14.9713200173,25.8566667,0,-1.31362691545109e-09,14193968.9561853,17240.0422166289,5.78768948181074,0,2978.74346417686
"199",199,2050,"Zambia","South Africa",32.0625,"Soya Beans",-14.9713200173,23.0685424805,0,0,15637426.8775778,16894.3236014299,5.67162758545857,0,2978.74346417686
"200",200,2050,"Zambia","South Africa",32.0625,"Wheat",-17.9244444,25.8566667,0,9.2719677587857e-11,11596240.8438736,12057.9661743547,4.11027228695223,0,2933.61736949443
"201",201,2050,"Zambia","South Africa",32.0625,"Wheat",-17.9244444,23.0685424805,0,-1.82074216104809e-11,13139292.4248674,15322.461006857,5.22306050072837,0,2933.61736949443
"202",202,2050,"Zambia","South Africa",32.0625,"Wheat",-14.9713200173,25.8566667,0,-1.31362691545109e-09,14193968.9561853,17240.0422166289,5.78768948181074,0,2978.74346417686
"203",203,2050,"Zambia","South Africa",32.0625,"Wheat",-14.9713200173,23.0685424805,0,0,15637426.8775778,16894.3236014299,5.67162758545857,0,2978.74346417686
"204",204,2053,"Zambia","South Africa",1366.6666666667,"Corn (Maize)",-13.61324,29.39205,0,-6.52714089778625e-10,15717698.3427668,20203.350670363,6.75250953489184,0,2991.97662231611
"205",205,2053,"Zambia","South Africa",1366.6666666667,"Soya Beans",-13.61324,29.39205,0,-6.52714089778625e-10,15717698.3427668,20203.350670363,6.75250953489184,0,2991.97662231611
"206",206,2053,"Zambia","South Africa",1366.6666666667,"Wheat",-13.61324,29.39205,0,-6.52714089778625e-10,15717698.3427668,20203.350670363,6.75250953489184,0,2991.97662231611
"207",207,2058,"Zimbabwe","Zimbabwe",8500,"Sugar Cane",-20.7683931,32.2285171,0,0,13171599.7620546,14910.5830502447,5.17647617773687,0,2880.45043351549
"208",208,2241,"Ghana","Norway",3333.3333333333,"Corn (Maize)",6.8,-1.0833333,0,0,10494207.2331474,11233.7224499626,3.67247209999601,0,3058.89933104591
"209",209,2241,"Ghana","Norway",3333.3333333333,"Jatropha",6.8,-1.0833333,0,0,10494207.2331474,11233.7224499626,3.67247209999601,0,3058.89933104591
"210",210,2241,"Ghana","Norway",3333.3333333333,"Soya Beans",6.8,-1.0833333,0,0,10494207.2331474,11233.7224499626,3.67247209999601,0,3058.89933104591
"211",211,2271,"Mozambique","United Kingdom of Great Britain and Northern Ireland",770,"Jatropha",-19.1166667,33.45,0,2.30965784393969e-10,14725300.2663184,17909.1434787247,6.1585131337055,0,2908.03041089709
"212",212,2271,"Mozambique","United Kingdom of Great Britain and Northern Ireland",770,"Soya Beans",-19.1166667,33.45,0,2.30965784393969e-10,14725300.2663184,17909.1434787247,6.1585131337055,0,2908.03041089709
"213",213,2271,"Mozambique","United Kingdom of Great Britain and Northern Ireland",770,"Food crops (no specification)",-19.1166667,33.45,0,2.30965784393969e-10,14725300.2663184,17909.1434787247,6.1585131337055,0,2908.03041089709
"214",214,2289,"Mauritius","Singapore",330,"Rice (hybrid)",-20.3707241,57.6063694,0,-3.23353252313783e-10,13482762.9136052,13874.8358858381,4.70403678572498,0,2949.55939289061
"215",215,2332,"Sudan","United Arab Emirates",1260,"None",15.16027,33.125881,0,-9.36955374295436e-12,812832.612258447,39.3965787469281,0.0132568677266439,0,2971.78636456847
"216",216,2335,"Sudan","Brazil",6000,"Cotton",12.862807,30.217636,0,8.80340429245663e-11,6625110.58082581,6689.86585927036,2.22676478126497,0,3004.29839539227
"217",217,2335,"Sudan","Brazil",6000,"Soya Beans",12.862807,30.217636,0,8.80340429245663e-11,6625110.58082581,6689.86585927036,2.22676478126497,0,3004.29839539227
"218",218,2342,"Sudan","Egypt",504,"Cotton",13.16126,32.66341,0,0,3248176.73870192,130.316172903795,0.0434640540930503,0,2998.25167309074
"219",219,2342,"Sudan","Egypt",504,"Sorghum",13.16126,32.66341,0,0,3248176.73870192,130.316172903795,0.0434640540930503,0,2998.25167309074
"220",220,2342,"Sudan","Egypt",504,"Sun Flower",13.16126,32.66341,0,0,3248176.73870192,130.316172903795,0.0434640540930503,0,2998.25167309074
"221",221,2342,"Sudan","Egypt",504,"Wheat",13.16126,32.66341,0,0,3248176.73870192,130.316172903795,0.0434640540930503,0,2998.25167309074
"222",222,2342,"Sudan","Egypt",504,"Sugar Cane",13.16126,32.66341,0,0,3248176.73870192,130.316172903795,0.0434640540930503,0,2998.25167309074
"223",223,2369,"South Africa","South Africa",110,"Vegetables",-29.8167,30.6167,0,0,15155871.1891381,20242.1117764579,7.56921137277498,0,2674.26958761714
"224",224,2371,"Sierra Leone","Luxembourg",1562.5,"Oil Palm",7.3505556,-11.7180556,0,0,11695628.1983922,11739.4867292531,3.84192845526022,0,3055.62346252958
"225",225,2371,"Sierra Leone","Luxembourg",1562.5,"Rubber",7.3505556,-11.7180556,0,0,11695628.1983922,11739.4867292531,3.84192845526022,0,3055.62346252958
"226",226,2372,"Sierra Leone","Singapore",33.3333333333,"Oil Palm",7.3505556,-11.7180556,0,0,11695628.1983922,11739.4867292531,3.84192845526022,0,3055.62346252958
"227",227,2372,"Sierra Leone","Singapore",33.3333333333,"Oil Palm",7.3505556,-12.7875,0,0,12390428.1852523,12421.4591099832,4.06511445611829,0,3055.62346252958
"228",228,2372,"Sierra Leone","Singapore",33.3333333333,"Oil Palm",7.3505556,-11.7409946,0,0,11695628.1983922,11739.4867292531,3.84192845526022,0,3055.62346252958
"229",229,2372,"Sierra Leone","Singapore",33.3333333333,"Oil Palm",8.7666667,-11.7180556,0,0,12444212.006393,12680.2723394593,4.16511272561961,0,3044.40075810263
"230",230,2372,"Sierra Leone","Singapore",33.3333333333,"Oil Palm",8.7666667,-12.7875,0,-1.48080084983799e-09,12189860.3502821,12080.0052928331,3.96794188829522,0,3044.40075810263
"231",231,2372,"Sierra Leone","Singapore",33.3333333333,"Oil Palm",8.7666667,-11.7409946,0,0,12444212.006393,12680.2723394593,4.16511272561961,0,3044.40075810263
"232",232,2372,"Sierra Leone","Singapore",33.3333333333,"Oil Palm",7.9551791,-11.7180556,0,0,12040065.1448322,12115.0956472516,3.96941008391204,0,3052.11489645625
"233",233,2372,"Sierra Leone","Singapore",33.3333333333,"Oil Palm",7.9551791,-12.7875,0,0,11953596.628506,11854.3483443629,3.88397840400004,0,3052.11489645625
"234",234,2372,"Sierra Leone","Singapore",33.3333333333,"Oil Palm",7.9551791,-11.7409946,0,0,12040065.1448322,12115.0956472516,3.96941008391204,0,3052.11489645625
"235",235,2375,"Mozambique","Norway",608.3333333333,"Eucalyptus",-12.7826202,36.6093926,0,-1.18357605536174e-09,14755586.6309454,15169.51289957,5.04926971396572,0,3004.29839539227
"236",236,2375,"Mozambique","Norway",608.3333333333,"Pine",-12.7826202,36.6093926,0,-1.18357605536174e-09,14755586.6309454,15169.51289957,5.04926971396572,0,3004.29839539227
"237",237,2375,"Mozambique","Norway",608.3333333333,"Trees",-12.7826202,36.6093926,0,-1.18357605536174e-09,14755586.6309454,15169.51289957,5.04926971396572,0,3004.29839539227
"238",238,2376,"Mozambique","Sweden, United States of America, Mozambique",7500,"Eucalyptus",-12.7826202,36.6093926,0,-1.18357605536174e-09,14755586.6309454,15169.51289957,5.04926971396572,0,3004.29839539227
"239",239,2376,"Mozambique","Sweden, United States of America, Mozambique",7500,"Pine",-12.7826202,36.6093926,0,-1.18357605536174e-09,14755586.6309454,15169.51289957,5.04926971396572,0,3004.29839539227
"240",240,2398,"United Republic of Tanzania","Turkey",150,"Corn (Maize)",-8.1021532,38.3756156,0,5.77404645492776e-12,9034443.25167617,9029.51720158002,2.96207666701588,0,3048.37390001681
"241",241,2398,"United Republic of Tanzania","Turkey",150,"Rice",-8.1021532,38.3756156,0,5.77404645492776e-12,9034443.25167617,9029.51720158002,2.96207666701588,0,3048.37390001681
"242",242,3003,"Sierra Leone","Portugal",13.8888888889,"Cassava (Maniok)",8.6447707,-12.4505969,0,0,12156263.9831515,12055.3865221104,3.95985531472003,0,3044.40075810263
"243",243,3003,"Sierra Leone","Portugal",13.8888888889,"Cassava (Maniok)",8.6447707,-13.0364141,0,0,12569235.1621595,13071.3249242655,4.29356249812919,0,3044.40075810263
"244",244,3003,"Sierra Leone","Portugal",13.8888888889,"Cassava (Maniok)",8.6447707,-12.734256,0,-1.48080084983799e-09,12189860.3502821,12080.0052928331,3.96794188829522,0,3044.40075810263
"245",245,3003,"Sierra Leone","Portugal",13.8888888889,"Cassava (Maniok)",8.9643706,-12.4505969,0,0,12156263.9831515,12055.3865221104,3.95985531472003,0,3044.40075810263
"246",246,3003,"Sierra Leone","Portugal",13.8888888889,"Cassava (Maniok)",8.9643706,-13.0364141,0,0,12569235.1621595,13071.3249242655,4.29356249812919,0,3044.40075810263
"247",247,3003,"Sierra Leone","Portugal",13.8888888889,"Cassava (Maniok)",8.9643706,-12.734256,0,-1.48080084983799e-09,12189860.3502821,12080.0052928331,3.96794188829522,0,3044.40075810263
"248",248,3003,"Sierra Leone","Portugal",13.8888888889,"Cassava (Maniok)",9.0373,-12.4505969,0,0,12301456.1654441,12452.9948728645,4.09611610617217,0,3040.19577328384
"249",249,3003,"Sierra Leone","Portugal",13.8888888889,"Cassava (Maniok)",9.0373,-13.0364141,0,0,12335130.4530391,12462.7527075777,4.0993257135267,0,3040.19577328384
"250",250,3003,"Sierra Leone","Portugal",13.8888888889,"Cassava (Maniok)",9.0373,-12.734256,0,0,12341265.9555564,12578.5504191958,4.13741461314156,0,3040.19577328384
"251",251,3003,"Sierra Leone","Portugal",13.8888888889,"Oil Palm",8.6447707,-12.4505969,0,0,12156263.9831515,12055.3865221104,3.95985531472003,0,3044.40075810263
"252",252,3003,"Sierra Leone","Portugal",13.8888888889,"Oil Palm",8.6447707,-13.0364141,0,0,12569235.1621595,13071.3249242655,4.29356249812919,0,3044.40075810263
"253",253,3003,"Sierra Leone","Portugal",13.8888888889,"Oil Palm",8.6447707,-12.734256,0,-1.48080084983799e-09,12189860.3502821,12080.0052928331,3.96794188829522,0,3044.40075810263
"254",254,3003,"Sierra Leone","Portugal",13.8888888889,"Oil Palm",8.9643706,-12.4505969,0,0,12156263.9831515,12055.3865221104,3.95985531472003,0,3044.40075810263
"255",255,3003,"Sierra Leone","Portugal",13.8888888889,"Oil Palm",8.9643706,-13.0364141,0,0,12569235.1621595,13071.3249242655,4.29356249812919,0,3044.40075810263
"256",256,3003,"Sierra Leone","Portugal",13.8888888889,"Oil Palm",8.9643706,-12.734256,0,-1.48080084983799e-09,12189860.3502821,12080.0052928331,3.96794188829522,0,3044.40075810263
"257",257,3003,"Sierra Leone","Portugal",13.8888888889,"Oil Palm",9.0373,-12.4505969,0,0,12301456.1654441,12452.9948728645,4.09611610617217,0,3040.19577328384
"258",258,3003,"Sierra Leone","Portugal",13.8888888889,"Oil Palm",9.0373,-13.0364141,0,0,12335130.4530391,12462.7527075777,4.0993257135267,0,3040.19577328384
"259",259,3003,"Sierra Leone","Portugal",13.8888888889,"Oil Palm",9.0373,-12.734256,0,0,12341265.9555564,12578.5504191958,4.13741461314156,0,3040.19577328384
"260",260,3003,"Sierra Leone","Portugal",13.8888888889,"Pineapple",8.6447707,-12.4505969,0,0,12156263.9831515,12055.3865221104,3.95985531472003,0,3044.40075810263
"261",261,3003,"Sierra Leone","Portugal",13.8888888889,"Pineapple",8.6447707,-13.0364141,0,0,12569235.1621595,13071.3249242655,4.29356249812919,0,3044.40075810263
"262",262,3003,"Sierra Leone","Portugal",13.8888888889,"Pineapple",8.6447707,-12.734256,0,-1.48080084983799e-09,12189860.3502821,12080.0052928331,3.96794188829522,0,3044.40075810263
"263",263,3003,"Sierra Leone","Portugal",13.8888888889,"Pineapple",8.9643706,-12.4505969,0,0,12156263.9831515,12055.3865221104,3.95985531472003,0,3044.40075810263
"264",264,3003,"Sierra Leone","Portugal",13.8888888889,"Pineapple",8.9643706,-13.0364141,0,0,12569235.1621595,13071.3249242655,4.29356249812919,0,3044.40075810263
"265",265,3003,"Sierra Leone","Portugal",13.8888888889,"Pineapple",8.9643706,-12.734256,0,-1.48080084983799e-09,12189860.3502821,12080.0052928331,3.96794188829522,0,3044.40075810263
"266",266,3003,"Sierra Leone","Portugal",13.8888888889,"Pineapple",9.0373,-12.4505969,0,0,12301456.1654441,12452.9948728645,4.09611610617217,0,3040.19577328384
"267",267,3003,"Sierra Leone","Portugal",13.8888888889,"Pineapple",9.0373,-13.0364141,0,0,12335130.4530391,12462.7527075777,4.0993257135267,0,3040.19577328384
"268",268,3003,"Sierra Leone","Portugal",13.8888888889,"Pineapple",9.0373,-12.734256,0,0,12341265.9555564,12578.5504191958,4.13741461314156,0,3040.19577328384
"269",269,3003,"Sierra Leone","Portugal",13.8888888889,"Rice",8.6447707,-12.4505969,0,0,12156263.9831515,12055.3865221104,3.95985531472003,0,3044.40075810263
"270",270,3003,"Sierra Leone","Portugal",13.8888888889,"Rice",8.6447707,-13.0364141,0,0,12569235.1621595,13071.3249242655,4.29356249812919,0,3044.40075810263
"271",271,3003,"Sierra Leone","Portugal",13.8888888889,"Rice",8.6447707,-12.734256,0,-1.48080084983799e-09,12189860.3502821,12080.0052928331,3.96794188829522,0,3044.40075810263
"272",272,3003,"Sierra Leone","Portugal",13.8888888889,"Rice",8.9643706,-12.4505969,0,0,12156263.9831515,12055.3865221104,3.95985531472003,0,3044.40075810263
"273",273,3003,"Sierra Leone","Portugal",13.8888888889,"Rice",8.9643706,-13.0364141,0,0,12569235.1621595,13071.3249242655,4.29356249812919,0,3044.40075810263
"274",274,3003,"Sierra Leone","Portugal",13.8888888889,"Rice",8.9643706,-12.734256,0,-1.48080084983799e-09,12189860.3502821,12080.0052928331,3.96794188829522,0,3044.40075810263
"275",275,3003,"Sierra Leone","Portugal",13.8888888889,"Rice",9.0373,-12.4505969,0,0,12301456.1654441,12452.9948728645,4.09611610617217,0,3040.19577328384
"276",276,3003,"Sierra Leone","Portugal",13.8888888889,"Rice",9.0373,-13.0364141,0,0,12335130.4530391,12462.7527075777,4.0993257135267,0,3040.19577328384
"277",277,3003,"Sierra Leone","Portugal",13.8888888889,"Rice",9.0373,-12.734256,0,0,12341265.9555564,12578.5504191958,4.13741461314156,0,3040.19577328384
"278",278,3005,"Sierra Leone","India",870,"Oil Palm",8.7666667,-12.7875,0,-1.48080084983799e-09,12189860.3502821,12080.0052928331,3.96794188829522,0,3044.40075810263
"279",279,3008,"Sierra Leone","China",660,"Cassava (Maniok)",8.7389416,-11.7979613,0,0,12444212.006393,12680.2723394593,4.16511272561961,0,3044.40075810263
"280",280,3008,"Sierra Leone","China",660,"Sugar Cane",8.7389416,-11.7979613,0,0,12444212.006393,12680.2723394593,4.16511272561961,0,3044.40075810263
"281",281,3017,"Uganda","United Kingdom of Great Britain and Northern Ireland",577.7777777778,"Eucalyptus",0.5575,31.395,0,0,30208223.5234851,86793.2230985559,14.0898715003392,0,6159.97265102568
"282",282,3017,"Uganda","United Kingdom of Great Britain and Northern Ireland",577.7777777778,"Eucalyptus",0.5575,31.770519,0,0,15315909.6983577,20702.7813978111,6.72171211486271,0,3079.98632551284
"283",283,3017,"Uganda","United Kingdom of Great Britain and Northern Ireland",577.7777777778,"Eucalyptus",0.5575,33.7519444,0,4.25164071692154e-11,9043807.23510604,9538.54366352991,3.09694351059876,0,3079.98632551284
"284",284,3017,"Uganda","United Kingdom of Great Britain and Northern Ireland",577.7777777778,"Eucalyptus",0.910115,31.395,0,0,30208223.5234851,86793.2230985559,14.0898715003392,0,6159.97265102568
"285",285,3017,"Uganda","United Kingdom of Great Britain and Northern Ireland",577.7777777778,"Eucalyptus",0.910115,31.770519,0,0,15315909.6983577,20702.7813978111,6.72171211486271,0,3079.98632551284
"286",286,3017,"Uganda","United Kingdom of Great Britain and Northern Ireland",577.7777777778,"Eucalyptus",0.910115,33.7519444,0,4.25164071692154e-11,9043807.23510604,9538.54366352991,3.09694351059876,0,3079.98632551284
"287",287,3017,"Uganda","United Kingdom of Great Britain and Northern Ireland",577.7777777778,"Eucalyptus",0.5633333,31.395,0,0,30208223.5234851,86793.2230985559,14.0898715003392,0,6159.97265102568
"288",288,3017,"Uganda","United Kingdom of Great Britain and Northern Ireland",577.7777777778,"Eucalyptus",0.5633333,31.770519,0,0,15315909.6983577,20702.7813978111,6.72171211486271,0,3079.98632551284
"289",289,3017,"Uganda","United Kingdom of Great Britain and Northern Ireland",577.7777777778,"Eucalyptus",0.5633333,33.7519444,0,4.25164071692154e-11,9043807.23510604,9538.54366352991,3.09694351059876,0,3079.98632551284
"290",290,3017,"Uganda","United Kingdom of Great Britain and Northern Ireland",577.7777777778,"Pine",0.5575,31.395,0,0,30208223.5234851,86793.2230985559,14.0898715003392,0,6159.97265102568
"291",291,3017,"Uganda","United Kingdom of Great Britain and Northern Ireland",577.7777777778,"Pine",0.5575,31.770519,0,0,15315909.6983577,20702.7813978111,6.72171211486271,0,3079.98632551284
"292",292,3017,"Uganda","United Kingdom of Great Britain and Northern Ireland",577.7777777778,"Pine",0.5575,33.7519444,0,4.25164071692154e-11,9043807.23510604,9538.54366352991,3.09694351059876,0,3079.98632551284
"293",293,3017,"Uganda","United Kingdom of Great Britain and Northern Ireland",577.7777777778,"Pine",0.910115,31.395,0,0,30208223.5234851,86793.2230985559,14.0898715003392,0,6159.97265102568
"294",294,3017,"Uganda","United Kingdom of Great Britain and Northern Ireland",577.7777777778,"Pine",0.910115,31.770519,0,0,15315909.6983577,20702.7813978111,6.72171211486271,0,3079.98632551284
"295",295,3017,"Uganda","United Kingdom of Great Britain and Northern Ireland",577.7777777778,"Pine",0.910115,33.7519444,0,4.25164071692154e-11,9043807.23510604,9538.54366352991,3.09694351059876,0,3079.98632551284
"296",296,3017,"Uganda","United Kingdom of Great Britain and Northern Ireland",577.7777777778,"Pine",0.5633333,31.395,0,0,30208223.5234851,86793.2230985559,14.0898715003392,0,6159.97265102568
"297",297,3017,"Uganda","United Kingdom of Great Britain and Northern Ireland",577.7777777778,"Pine",0.5633333,31.770519,0,0,15315909.6983577,20702.7813978111,6.72171211486271,0,3079.98632551284
"298",298,3017,"Uganda","United Kingdom of Great Britain and Northern Ireland",577.7777777778,"Pine",0.5633333,33.7519444,0,4.25164071692154e-11,9043807.23510604,9538.54366352991,3.09694351059876,0,3079.98632551284
"299",299,3021,"United Republic of Tanzania","United States of America, Finland",527.5555555556,"Teak",-8.2306427,36.954107,0,0,12820306.3197796,13226.9067541371,4.33900406838681,0,3048.37390001681
"300",300,3021,"United Republic of Tanzania","United States of America, Finland",527.5555555556,"Teak",-8.2306427,37.1258593,0,0,12567609.8173353,13478.3998725542,4.42150481359255,0,3048.37390001681
"301",301,3021,"United Republic of Tanzania","United States of America, Finland",527.5555555556,"Teak",-8.2306427,36.9371409,0,0,12820306.3197796,13226.9067541371,4.33900406838681,0,3048.37390001681
"302",302,3021,"United Republic of Tanzania","United States of America, Finland",527.5555555556,"Teak",-8.0677121,36.954107,0,0,12820306.3197796,13226.9067541371,4.33900406838681,0,3048.37390001681
"303",303,3021,"United Republic of Tanzania","United States of America, Finland",527.5555555556,"Teak",-8.0677121,37.1258593,0,0,12567609.8173353,13478.3998725542,4.42150481359255,0,3048.37390001681
"304",304,3021,"United Republic of Tanzania","United States of America, Finland",527.5555555556,"Teak",-8.0677121,36.9371409,0,0,12820306.3197796,13226.9067541371,4.33900406838681,0,3048.37390001681
"305",305,3021,"United Republic of Tanzania","United States of America, Finland",527.5555555556,"Teak",-7.319206,36.954107,0,-1.30259072766047e-09,13330193.7228741,18229.0678113685,5.96574415496787,0,3055.62346252958
"306",306,3021,"United Republic of Tanzania","United States of America, Finland",527.5555555556,"Teak",-7.319206,37.1258593,0,-2.42441022848175e-11,10861117.9228277,13004.9089927554,4.25605744694385,0,3055.62346252958
"307",307,3021,"United Republic of Tanzania","United States of America, Finland",527.5555555556,"Teak",-7.319206,36.9371409,0,-1.30259072766047e-09,13330193.7228741,18229.0678113685,5.96574415496787,0,3055.62346252958
"308",308,3023,"Mozambique","South Africa",42.8571428571,"Citrus Fruits",-19.2307542734,33.1492627434,0,2.30965784393969e-10,14725300.2663184,17909.1434787247,6.1585131337055,0,2908.03041089709
"309",309,3023,"Mozambique","South Africa",42.8571428571,"Pepper",-19.2307542734,33.1492627434,0,2.30965784393969e-10,14725300.2663184,17909.1434787247,6.1585131337055,0,2908.03041089709
"310",310,3023,"Mozambique","South Africa",42.8571428571,"Banana",-19.2307542734,33.1492627434,0,2.30965784393969e-10,14725300.2663184,17909.1434787247,6.1585131337055,0,2908.03041089709
"311",311,3023,"Mozambique","South Africa",42.8571428571,"Bean",-19.2307542734,33.1492627434,0,2.30965784393969e-10,14725300.2663184,17909.1434787247,6.1585131337055,0,2908.03041089709
"312",312,3023,"Mozambique","South Africa",42.8571428571,"Eucalyptus",-19.2307542734,33.1492627434,0,2.30965784393969e-10,14725300.2663184,17909.1434787247,6.1585131337055,0,2908.03041089709
"313",313,3023,"Mozambique","South Africa",42.8571428571,"Fruit",-19.2307542734,33.1492627434,0,2.30965784393969e-10,14725300.2663184,17909.1434787247,6.1585131337055,0,2908.03041089709
"314",314,3023,"Mozambique","South Africa",42.8571428571,"Vegetables",-19.2307542734,33.1492627434,0,2.30965784393969e-10,14725300.2663184,17909.1434787247,6.1585131337055,0,2908.03041089709
"315",315,3037,"Mozambique","India",2000,"Tea",-15.4666667,36.9833333,0,0,14672654.6523904,17191.5947389596,5.78493627399625,0,2971.78636456847
"316",316,3038,"Mozambique","India",250,"Tea",-15.4666667,36.9833333,0,0,14672654.6523904,17191.5947389596,5.78493627399625,0,2971.78636456847
"317",317,3038,"Mozambique","India",250,"Eucalyptus",-15.4666667,36.9833333,0,0,14672654.6523904,17191.5947389596,5.78493627399625,0,2971.78636456847
"318",318,3041,"Mozambique","United States of America",160,"Soya Beans",-15.4666667,36.9833333,0,0,14672654.6523904,17191.5947389596,5.78493627399625,0,2971.78636456847
"319",319,3075,"Nigeria","France, Nigeria, CÃ´te d'Ivoire",12000,"Rubber",9.0833333,3.85,0,6.31610021729356e-10,10604829.6749217,12494.0465041501,4.10961906267461,0,3040.19577328384
"320",320,3123,"Zambia","South Africa, Germany",8,"Jatropha",-11.83663,31.460951,0,0,14559910.9474819,19831.6483851776,6.57612338985672,0,3015.70503007391
"321",321,3126,"Zambia","Denmark",125,"Corn (Maize)",-15.408193,28.287167,0,-7.4523572066039e-11,17578890.8537331,19353.7155193363,6.51248547004709,0,2971.78636456847
"322",322,3126,"Zambia","Denmark",125,"Wheat",-15.408193,28.287167,0,-7.4523572066039e-11,17578890.8537331,19353.7155193363,6.51248547004709,0,2971.78636456847
"323",323,3126,"Zambia","Denmark",125,"Onion",-15.408193,28.287167,0,-7.4523572066039e-11,17578890.8537331,19353.7155193363,6.51248547004709,0,2971.78636456847
"324",324,3126,"Zambia","Denmark",125,"Soya Beans",-15.408193,28.287167,0,-7.4523572066039e-11,17578890.8537331,19353.7155193363,6.51248547004709,0,2971.78636456847
"325",325,3126,"Zambia","Denmark",125,"Coffee Plant",-15.408193,28.287167,0,-7.4523572066039e-11,17578890.8537331,19353.7155193363,6.51248547004709,0,2971.78636456847
"326",326,3126,"Zambia","Denmark",125,"Fruit",-15.408193,28.287167,0,-7.4523572066039e-11,17578890.8537331,19353.7155193363,6.51248547004709,0,2971.78636456847
"327",327,3126,"Zambia","Denmark",125,"Sun Flower",-15.408193,28.287167,0,-7.4523572066039e-11,17578890.8537331,19353.7155193363,6.51248547004709,0,2971.78636456847
"328",328,3126,"Zambia","Denmark",125,"Potatoes",-15.408193,28.287167,0,-7.4523572066039e-11,17578890.8537331,19353.7155193363,6.51248547004709,0,2971.78636456847
"329",329,3156,"Uganda","Norway",1008,"Eucalyptus",1.9166667,33.1666667,0,0,13828143.2773878,18233.3181557927,5.92218976367936,0,3078.81356109478
"330",330,3156,"Uganda","Norway",1008,"Pine",1.9166667,33.1666667,0,0,13828143.2773878,18233.3181557927,5.92218976367936,0,3078.81356109478
"331",331,3269,"Cote d'Ivoire","France",14600,"Sugar Cane",9.594055,-5.202308,0,-2.38100768456909e-10,13096599.7322284,15122.8999199992,4.98158733811263,0,3035.75926578632
"332",332,3271,"Cote d'Ivoire","Belgium",5500,"Rubber",6.543355,-7.482713,0,0,10863810.5442862,11925.9779612006,3.89878079352251,0,3058.89933104591
"333",333,3272,"Cote d'Ivoire","Singapore, Israel",1900,"Oil Palm",5.366667,-3.3166669,0,0,10445725.4605526,10149.5239391754,3.308913424554,0,3067.32834526894
"334",334,3334,"Madagascar","India, Madagascar",250,"Food crops (no specification)",-13.4086535,49.2030851,0,0,12856038.9063607,14847.6452394746,4.9521010436622,0,2998.25167309074
"335",335,3336,"Madagascar","Madagascar",50,"Peanut",-18.559436,45.8955555,0,0,17399217.25664,21164.0173125309,7.25594823844588,0,2916.78173782892
"336",336,3336,"Madagascar","Madagascar",50,"Food crops (no specification)",-18.559436,45.8955555,0,0,17399217.25664,21164.0173125309,7.25594823844588,0,2916.78173782892
"337",337,3338,"Madagascar","None",80,"None",-17.2833562,47.1362125,0,0,16568709.1138265,19906.7632294971,6.76709405307112,0,2941.70039212958
"338",338,3345,"Gabon","France",1100,"Sugar Cane",-1.6333333,13.5833333,0,-1.25550026237236e-09,12537182.8830298,13749.9647677343,4.46599460957455,0,3078.81356109478
"339",339,3345,"Gabon","France",1100,"Sugar Cane",-1.6333333,13.2279699,0,0,11727259.8597922,13060.2115389464,4.24196245722082,0,3078.81356109478
"340",340,3345,"Gabon","France",1100,"Sugar Cane",-1.55702,13.5833333,0,-1.25550026237236e-09,12537182.8830298,13749.9647677343,4.46599460957455,0,3078.81356109478
"341",341,3345,"Gabon","France",1100,"Sugar Cane",-1.55702,13.2279699,0,0,11727259.8597922,13060.2115389464,4.24196245722082,0,3078.81356109478
"342",342,3352,"Gabon","Belgium",346,"Oil Palm",2.077678,11.48874,0,0,9490794.47427446,11883.5253659683,3.86095068920618,0,3077.87545673409
"343",343,3352,"Gabon","Belgium",346,"Oil Palm",2.077678,11.55333,0,-2.11628016671653e-10,9308997.12288759,11450.5268661593,3.72026972082535,0,3077.87545673409
"344",344,3352,"Gabon","Belgium",346,"Oil Palm",2.077678,10.2403858,0,0,11001099.7326868,12764.9937096837,4.14733925693946,0,3077.87545673409
"345",345,3352,"Gabon","Belgium",346,"Oil Palm",2.077678,10.2684253,0,0,11001099.7326868,12764.9937096837,4.14733925693946,0,3077.87545673409
"346",346,3352,"Gabon","Belgium",346,"Oil Palm",2.077678,11.1617356,0,0,9490794.47427446,11883.5253659683,3.86095068920618,0,3077.87545673409
"347",347,3352,"Gabon","Belgium",346,"Oil Palm",0.78542,11.48874,0,0,10785298.502277,11706.6817537588,3.80088757433349,0,3079.98632551284
"348",348,3352,"Gabon","Belgium",346,"Oil Palm",0.78542,11.55333,0,0,10209132.0173654,11834.310344677,3.84232561250299,0,3079.98632551284
"349",349,3352,"Gabon","Belgium",346,"Oil Palm",0.78542,10.2403858,0,0,11090654.0313287,12526.1329585956,4.06694434154993,0,3079.98632551284
"350",350,3352,"Gabon","Belgium",346,"Oil Palm",0.78542,10.2684253,0,0,11090654.0313287,12526.1329585956,4.06694434154993,0,3079.98632551284
"351",351,3352,"Gabon","Belgium",346,"Oil Palm",0.78542,11.1617356,0,0,10785298.502277,11706.6817537588,3.80088757433349,0,3079.98632551284
"352",352,3352,"Gabon","Belgium",346,"Oil Palm",-0.7015457,11.48874,0,1.57459587719681e-10,9810350.48708973,10178.7147457775,3.30479218737528,0,3079.98632551284
"353",353,3352,"Gabon","Belgium",346,"Oil Palm",-0.7015457,11.55333,0,0,10317912.8332298,10257.9731823257,3.33052556024505,0,3079.98632551284
"354",354,3352,"Gabon","Belgium",346,"Oil Palm",-0.7015457,10.2403858,0,0,9432781.46029127,9190.42296387893,2.98391680760097,0,3079.98632551284
"355",355,3352,"Gabon","Belgium",346,"Oil Palm",-0.7015457,10.2684253,0,0,9432781.46029127,9190.42296387893,2.98391680760097,0,3079.98632551284
"356",356,3352,"Gabon","Belgium",346,"Oil Palm",-0.7015457,11.1617356,0,1.57459587719681e-10,9810350.48708973,10178.7147457775,3.30479218737528,0,3079.98632551284
"357",357,3352,"Gabon","Belgium",346,"Oil Palm",-0.5708778,11.48874,0,1.57459587719681e-10,9810350.48708973,10178.7147457775,3.30479218737528,0,3079.98632551284
"358",358,3352,"Gabon","Belgium",346,"Oil Palm",-0.5708778,11.55333,0,0,10317912.8332298,10257.9731823257,3.33052556024505,0,3079.98632551284
"359",359,3352,"Gabon","Belgium",346,"Oil Palm",-0.5708778,10.2403858,0,0,9432781.46029127,9190.42296387893,2.98391680760097,0,3079.98632551284
"360",360,3352,"Gabon","Belgium",346,"Oil Palm",-0.5708778,10.2684253,0,0,9432781.46029127,9190.42296387893,2.98391680760097,0,3079.98632551284
"361",361,3352,"Gabon","Belgium",346,"Oil Palm",-0.5708778,11.1617356,0,1.57459587719681e-10,9810350.48708973,10178.7147457775,3.30479218737528,0,3079.98632551284
"362",362,3352,"Gabon","Belgium",346,"Oil Palm",-2.8821033,11.48874,0,0,10156897.1052235,10372.5601799808,3.37132323595147,0,3076.70296024088
"363",363,3352,"Gabon","Belgium",346,"Oil Palm",-2.8821033,11.55333,0,0,10384690.3033979,10488.3969670061,3.40897288511235,0,3076.70296024088
"364",364,3352,"Gabon","Belgium",346,"Oil Palm",-2.8821033,10.2403858,0,0,10129361.8906812,10147.8440800067,3.29828527847621,0,3076.70296024088
"365",365,3352,"Gabon","Belgium",346,"Oil Palm",-2.8821033,10.2684253,0,0,10129361.8906812,10147.8440800067,3.29828527847621,0,3076.70296024088
"366",366,3352,"Gabon","Belgium",346,"Oil Palm",-2.8821033,11.1617356,0,0,10156897.1052235,10372.5601799808,3.37132323595147,0,3076.70296024088
"367",367,3352,"Gabon","Belgium",346,"Rubber",2.077678,11.48874,0,0,9490794.47427446,11883.5253659683,3.86095068920618,0,3077.87545673409
"368",368,3352,"Gabon","Belgium",346,"Rubber",2.077678,11.55333,0,-2.11628016671653e-10,9308997.12288759,11450.5268661593,3.72026972082535,0,3077.87545673409
"369",369,3352,"Gabon","Belgium",346,"Rubber",2.077678,10.2403858,0,0,11001099.7326868,12764.9937096837,4.14733925693946,0,3077.87545673409
"370",370,3352,"Gabon","Belgium",346,"Rubber",2.077678,10.2684253,0,0,11001099.7326868,12764.9937096837,4.14733925693946,0,3077.87545673409
"371",371,3352,"Gabon","Belgium",346,"Rubber",2.077678,11.1617356,0,0,9490794.47427446,11883.5253659683,3.86095068920618,0,3077.87545673409
"372",372,3352,"Gabon","Belgium",346,"Rubber",0.78542,11.48874,0,0,10785298.502277,11706.6817537588,3.80088757433349,0,3079.98632551284
"373",373,3352,"Gabon","Belgium",346,"Rubber",0.78542,11.55333,0,0,10209132.0173654,11834.310344677,3.84232561250299,0,3079.98632551284
"374",374,3352,"Gabon","Belgium",346,"Rubber",0.78542,10.2403858,0,0,11090654.0313287,12526.1329585956,4.06694434154993,0,3079.98632551284
"375",375,3352,"Gabon","Belgium",346,"Rubber",0.78542,10.2684253,0,0,11090654.0313287,12526.1329585956,4.06694434154993,0,3079.98632551284
"376",376,3352,"Gabon","Belgium",346,"Rubber",0.78542,11.1617356,0,0,10785298.502277,11706.6817537588,3.80088757433349,0,3079.98632551284
"377",377,3352,"Gabon","Belgium",346,"Rubber",-0.7015457,11.48874,0,1.57459587719681e-10,9810350.48708973,10178.7147457775,3.30479218737528,0,3079.98632551284
"378",378,3352,"Gabon","Belgium",346,"Rubber",-0.7015457,11.55333,0,0,10317912.8332298,10257.9731823257,3.33052556024505,0,3079.98632551284
"379",379,3352,"Gabon","Belgium",346,"Rubber",-0.7015457,10.2403858,0,0,9432781.46029127,9190.42296387893,2.98391680760097,0,3079.98632551284
"380",380,3352,"Gabon","Belgium",346,"Rubber",-0.7015457,10.2684253,0,0,9432781.46029127,9190.42296387893,2.98391680760097,0,3079.98632551284
"381",381,3352,"Gabon","Belgium",346,"Rubber",-0.7015457,11.1617356,0,1.57459587719681e-10,9810350.48708973,10178.7147457775,3.30479218737528,0,3079.98632551284
"382",382,3352,"Gabon","Belgium",346,"Rubber",-0.5708778,11.48874,0,1.57459587719681e-10,9810350.48708973,10178.7147457775,3.30479218737528,0,3079.98632551284
"383",383,3352,"Gabon","Belgium",346,"Rubber",-0.5708778,11.55333,0,0,10317912.8332298,10257.9731823257,3.33052556024505,0,3079.98632551284
"384",384,3352,"Gabon","Belgium",346,"Rubber",-0.5708778,10.2403858,0,0,9432781.46029127,9190.42296387893,2.98391680760097,0,3079.98632551284
"385",385,3352,"Gabon","Belgium",346,"Rubber",-0.5708778,10.2684253,0,0,9432781.46029127,9190.42296387893,2.98391680760097,0,3079.98632551284
"386",386,3352,"Gabon","Belgium",346,"Rubber",-0.5708778,11.1617356,0,1.57459587719681e-10,9810350.48708973,10178.7147457775,3.30479218737528,0,3079.98632551284
"387",387,3352,"Gabon","Belgium",346,"Rubber",-2.8821033,11.48874,0,0,10156897.1052235,10372.5601799808,3.37132323595147,0,3076.70296024088
"388",388,3352,"Gabon","Belgium",346,"Rubber",-2.8821033,11.55333,0,0,10384690.3033979,10488.3969670061,3.40897288511235,0,3076.70296024088
"389",389,3352,"Gabon","Belgium",346,"Rubber",-2.8821033,10.2403858,0,0,10129361.8906812,10147.8440800067,3.29828527847621,0,3076.70296024088
"390",390,3352,"Gabon","Belgium",346,"Rubber",-2.8821033,10.2684253,0,0,10129361.8906812,10147.8440800067,3.29828527847621,0,3076.70296024088
"391",391,3352,"Gabon","Belgium",346,"Rubber",-2.8821033,11.1617356,0,0,10156897.1052235,10372.5601799808,3.37132323595147,0,3076.70296024088
"392",392,3389,"Ghana","Netherlands",3500,"Teak",7.398538,-1.95107,0,-4.74668307196598e-10,10811701.8296424,11509.2110678892,3.76656718637751,0,3055.62346252958
"393",393,3391,"Ghana","Ghana",599.5,"Cassava (Maniok)",6.599779,0.471394,0,0,11092083.5206711,11496.4728596191,3.75836914374302,0,3058.89933104591
"394",394,3391,"Ghana","Ghana",599.5,"Soya Beans",6.599779,0.471394,0,0,11092083.5206711,11496.4728596191,3.75836914374302,0,3058.89933104591
"395",395,3399,"Ghana","United States of America",40,"Corn (Maize)",7.0498071,0.1869644,0,0,11147257.1791451,11481.5146784092,3.75750311489763,0,3055.62346252958
"396",396,3404,"Ghana","United Arab Emirates",20.8333333333,"Eucalyptus",6.8,-1.0833333,0,0,10494207.2331474,11233.7224499626,3.67247209999601,0,3058.89933104591
"397",397,3404,"Ghana","United Arab Emirates",20.8333333333,"Eucalyptus",6.8,-1.2770675,0,0,10494207.2331474,11233.7224499626,3.67247209999601,0,3058.89933104591
"398",398,3404,"Ghana","United Arab Emirates",20.8333333333,"Eucalyptus",6.9111632,-1.0833333,0,0,10494207.2331474,11233.7224499626,3.67247209999601,0,3058.89933104591
"399",399,3404,"Ghana","United Arab Emirates",20.8333333333,"Eucalyptus",6.9111632,-1.2770675,0,0,10494207.2331474,11233.7224499626,3.67247209999601,0,3058.89933104591
"400",400,3404,"Ghana","United Arab Emirates",20.8333333333,"Pine",6.8,-1.0833333,0,0,10494207.2331474,11233.7224499626,3.67247209999601,0,3058.89933104591
"401",401,3404,"Ghana","United Arab Emirates",20.8333333333,"Pine",6.8,-1.2770675,0,0,10494207.2331474,11233.7224499626,3.67247209999601,0,3058.89933104591
"402",402,3404,"Ghana","United Arab Emirates",20.8333333333,"Pine",6.9111632,-1.0833333,0,0,10494207.2331474,11233.7224499626,3.67247209999601,0,3058.89933104591
"403",403,3404,"Ghana","United Arab Emirates",20.8333333333,"Pine",6.9111632,-1.2770675,0,0,10494207.2331474,11233.7224499626,3.67247209999601,0,3058.89933104591
"404",404,3404,"Ghana","United Arab Emirates",20.8333333333,"Teak",6.8,-1.0833333,0,0,10494207.2331474,11233.7224499626,3.67247209999601,0,3058.89933104591
"405",405,3404,"Ghana","United Arab Emirates",20.8333333333,"Teak",6.8,-1.2770675,0,0,10494207.2331474,11233.7224499626,3.67247209999601,0,3058.89933104591
"406",406,3404,"Ghana","United Arab Emirates",20.8333333333,"Teak",6.9111632,-1.0833333,0,0,10494207.2331474,11233.7224499626,3.67247209999601,0,3058.89933104591
"407",407,3404,"Ghana","United Arab Emirates",20.8333333333,"Teak",6.9111632,-1.2770675,0,0,10494207.2331474,11233.7224499626,3.67247209999601,0,3058.89933104591
"408",408,3458,"Liberia","Luxembourg",4297,"Rubber",6.5769511148,-10.3117594812,0,0,12536557.4332626,13667.7782280054,4.46820138514727,0,3058.89933104591
"409",409,3464,"Liberia","CÃ´te d'Ivoire, France",4500,"Rubber",4.7258878,-7.7416703,0,-1.76570336898834e-09,9838149.75669758,10955.6752330426,3.56900620734555,0,3069.67110634164
"410",410,3492,"Central African Republic","France",5317,"Sugar Cane",6.3168216,20.7122465,0,0,15109679.568915,19193.4352412987,6.26838576900243,0,3061.94225253517
"411",411,3736,"Gabon","Gabon",3e+05,"Trees",-0.803689,11.609444,0,0,10317912.8332298,10257.9731823257,3.33052556024505,0,3079.98632551284
"412",412,3765,"Ghana","France",150,"Banana",6.090349,0.123512,0,-5.88766642904167e-11,9475949.71064183,10370.5711710856,3.38692578623882,0,3061.94225253517
"413",413,3765,"Ghana","France",150,"Banana",6.090349,-0.351248,0,0,10594208.996528,11214.1734632156,3.66243793589859,0,3061.94225253517
"414",414,3765,"Ghana","France",150,"Banana",5.804359,0.123512,0,0,8589959.80739373,9305.24923872799,3.03621606351772,0,3064.75199526711
"415",415,3765,"Ghana","France",150,"Banana",5.804359,-0.351248,0,0,9555580.21975507,10356.2717580954,3.37915491174769,0,3064.75199526711
"416",416,3765,"Ghana","France",150,"Pineapple",6.090349,0.123512,0,-5.88766642904167e-11,9475949.71064183,10370.5711710856,3.38692578623882,0,3061.94225253517
"417",417,3765,"Ghana","France",150,"Pineapple",6.090349,-0.351248,0,0,10594208.996528,11214.1734632156,3.66243793589859,0,3061.94225253517
"418",418,3765,"Ghana","France",150,"Pineapple",5.804359,0.123512,0,0,8589959.80739373,9305.24923872799,3.03621606351772,0,3064.75199526711
"419",419,3765,"Ghana","France",150,"Pineapple",5.804359,-0.351248,0,0,9555580.21975507,10356.2717580954,3.37915491174769,0,3064.75199526711
"420",420,3767,"Ghana","United Kingdom of Great Britain and Northern Ireland",600,"Oil Palm",7.946527,-1.023194,0,0,11049534.2651214,11373.4501171785,3.72641610916547,0,3052.11489645625
"421",421,3768,"Ghana","United States of America",300,"Rice",6.5781373,0.4502368,0,0,11092083.5206711,11496.4728596191,3.75836914374302,0,3058.89933104591
"422",422,3770,"Ghana","United States of America",1619,"Oil Palm",8.0052425,0.5565138,0,0,12398159.3750928,14035.9583636232,4.60440839082954,0,3048.37390001681
"423",423,3776,"Uganda","India",1516,"Tea",0.2580521,30.5279096,0,-7.57561103054838e-10,29412278.0833357,82628.0861109071,13.4126883905053,0,6160.4417925193
"424",424,3776,"Uganda","India",1516,"Eucalyptus",0.2580521,30.5279096,0,-7.57561103054838e-10,29412278.0833357,82628.0861109071,13.4126883905053,0,6160.4417925193
"425",425,3786,"Zimbabwe","South Africa",38.1111111111,"Tea",-18.212391,32.731789,0,0,18941018.7480903,25113.9907302434,8.58506710593271,0,2925.31094053864
"426",426,3786,"Zimbabwe","South Africa",38.1111111111,"Tea",-18.212391,32.8733117,0,0,18941018.7480903,25113.9907302434,8.58506710593271,0,2925.31094053864
"427",427,3786,"Zimbabwe","South Africa",38.1111111111,"Tea",-18.212391,30.68914,0,0,14356023.2538748,21239.1988643019,7.2604927462484,0,2925.31094053864
"428",428,3786,"Zimbabwe","South Africa",38.1111111111,"Tea",-19.8032402,32.731789,0,0,17934852.6149923,26019.2001117543,8.97505447173332,0,2899.05762619057
"429",429,3786,"Zimbabwe","South Africa",38.1111111111,"Tea",-19.8032402,32.8733117,0,0,17934852.6149923,26019.2001117543,8.97505447173332,0,2899.05762619057
"430",430,3786,"Zimbabwe","South Africa",38.1111111111,"Tea",-19.8032402,30.68914,0,-7.28821669857568e-12,15820007.4172409,24147.5822125983,8.32945919889448,0,2899.05762619057
"431",431,3786,"Zimbabwe","South Africa",38.1111111111,"Tea",-17.886471,32.731789,0,-2.53939409354571e-10,17541984.4048788,22538.2191614285,7.68273988141563,0,2933.61736949443
"432",432,3786,"Zimbabwe","South Africa",38.1111111111,"Tea",-17.886471,32.8733117,0,-2.53939409354571e-10,17541984.4048788,22538.2191614285,7.68273988141563,0,2933.61736949443
"433",433,3786,"Zimbabwe","South Africa",38.1111111111,"Tea",-17.886471,30.68914,0,0,17940380.8882344,25168.3936308562,8.57930345401301,0,2933.61736949443
"434",434,3786,"Zimbabwe","South Africa",38.1111111111,"Flowers",-18.212391,32.731789,0,0,18941018.7480903,25113.9907302434,8.58506710593271,0,2925.31094053864
"435",435,3786,"Zimbabwe","South Africa",38.1111111111,"Flowers",-18.212391,32.8733117,0,0,18941018.7480903,25113.9907302434,8.58506710593271,0,2925.31094053864
"436",436,3786,"Zimbabwe","South Africa",38.1111111111,"Flowers",-18.212391,30.68914,0,0,14356023.2538748,21239.1988643019,7.2604927462484,0,2925.31094053864
"437",437,3786,"Zimbabwe","South Africa",38.1111111111,"Flowers",-19.8032402,32.731789,0,0,17934852.6149923,26019.2001117543,8.97505447173332,0,2899.05762619057
"438",438,3786,"Zimbabwe","South Africa",38.1111111111,"Flowers",-19.8032402,32.8733117,0,0,17934852.6149923,26019.2001117543,8.97505447173332,0,2899.05762619057
"439",439,3786,"Zimbabwe","South Africa",38.1111111111,"Flowers",-19.8032402,30.68914,0,-7.28821669857568e-12,15820007.4172409,24147.5822125983,8.32945919889448,0,2899.05762619057
"440",440,3786,"Zimbabwe","South Africa",38.1111111111,"Flowers",-17.886471,32.731789,0,-2.53939409354571e-10,17541984.4048788,22538.2191614285,7.68273988141563,0,2933.61736949443
"441",441,3786,"Zimbabwe","South Africa",38.1111111111,"Flowers",-17.886471,32.8733117,0,-2.53939409354571e-10,17541984.4048788,22538.2191614285,7.68273988141563,0,2933.61736949443
"442",442,3786,"Zimbabwe","South Africa",38.1111111111,"Flowers",-17.886471,30.68914,0,0,17940380.8882344,25168.3936308562,8.57930345401301,0,2933.61736949443
"443",443,3786,"Zimbabwe","South Africa",38.1111111111,"Banana",-18.212391,32.731789,0,0,18941018.7480903,25113.9907302434,8.58506710593271,0,2925.31094053864
"444",444,3786,"Zimbabwe","South Africa",38.1111111111,"Banana",-18.212391,32.8733117,0,0,18941018.7480903,25113.9907302434,8.58506710593271,0,2925.31094053864
"445",445,3786,"Zimbabwe","South Africa",38.1111111111,"Banana",-18.212391,30.68914,0,0,14356023.2538748,21239.1988643019,7.2604927462484,0,2925.31094053864
"446",446,3786,"Zimbabwe","South Africa",38.1111111111,"Banana",-19.8032402,32.731789,0,0,17934852.6149923,26019.2001117543,8.97505447173332,0,2899.05762619057
"447",447,3786,"Zimbabwe","South Africa",38.1111111111,"Banana",-19.8032402,32.8733117,0,0,17934852.6149923,26019.2001117543,8.97505447173332,0,2899.05762619057
"448",448,3786,"Zimbabwe","South Africa",38.1111111111,"Banana",-19.8032402,30.68914,0,-7.28821669857568e-12,15820007.4172409,24147.5822125983,8.32945919889448,0,2899.05762619057
"449",449,3786,"Zimbabwe","South Africa",38.1111111111,"Banana",-17.886471,32.731789,0,-2.53939409354571e-10,17541984.4048788,22538.2191614285,7.68273988141563,0,2933.61736949443
"450",450,3786,"Zimbabwe","South Africa",38.1111111111,"Banana",-17.886471,32.8733117,0,-2.53939409354571e-10,17541984.4048788,22538.2191614285,7.68273988141563,0,2933.61736949443
"451",451,3786,"Zimbabwe","South Africa",38.1111111111,"Banana",-17.886471,30.68914,0,0,17940380.8882344,25168.3936308562,8.57930345401301,0,2933.61736949443
"452",452,3786,"Zimbabwe","South Africa",38.1111111111,"Fruit",-18.212391,32.731789,0,0,18941018.7480903,25113.9907302434,8.58506710593271,0,2925.31094053864
"453",453,3786,"Zimbabwe","South Africa",38.1111111111,"Fruit",-18.212391,32.8733117,0,0,18941018.7480903,25113.9907302434,8.58506710593271,0,2925.31094053864
"454",454,3786,"Zimbabwe","South Africa",38.1111111111,"Fruit",-18.212391,30.68914,0,0,14356023.2538748,21239.1988643019,7.2604927462484,0,2925.31094053864
"455",455,3786,"Zimbabwe","South Africa",38.1111111111,"Fruit",-19.8032402,32.731789,0,0,17934852.6149923,26019.2001117543,8.97505447173332,0,2899.05762619057
"456",456,3786,"Zimbabwe","South Africa",38.1111111111,"Fruit",-19.8032402,32.8733117,0,0,17934852.6149923,26019.2001117543,8.97505447173332,0,2899.05762619057
"457",457,3786,"Zimbabwe","South Africa",38.1111111111,"Fruit",-19.8032402,30.68914,0,-7.28821669857568e-12,15820007.4172409,24147.5822125983,8.32945919889448,0,2899.05762619057
"458",458,3786,"Zimbabwe","South Africa",38.1111111111,"Fruit",-17.886471,32.731789,0,-2.53939409354571e-10,17541984.4048788,22538.2191614285,7.68273988141563,0,2933.61736949443
"459",459,3786,"Zimbabwe","South Africa",38.1111111111,"Fruit",-17.886471,32.8733117,0,-2.53939409354571e-10,17541984.4048788,22538.2191614285,7.68273988141563,0,2933.61736949443
"460",460,3786,"Zimbabwe","South Africa",38.1111111111,"Fruit",-17.886471,30.68914,0,0,17940380.8882344,25168.3936308562,8.57930345401301,0,2933.61736949443
"461",461,3786,"Zimbabwe","South Africa",38.1111111111,"Vegetables",-18.212391,32.731789,0,0,18941018.7480903,25113.9907302434,8.58506710593271,0,2925.31094053864
"462",462,3786,"Zimbabwe","South Africa",38.1111111111,"Vegetables",-18.212391,32.8733117,0,0,18941018.7480903,25113.9907302434,8.58506710593271,0,2925.31094053864
"463",463,3786,"Zimbabwe","South Africa",38.1111111111,"Vegetables",-18.212391,30.68914,0,0,14356023.2538748,21239.1988643019,7.2604927462484,0,2925.31094053864
"464",464,3786,"Zimbabwe","South Africa",38.1111111111,"Vegetables",-19.8032402,32.731789,0,0,17934852.6149923,26019.2001117543,8.97505447173332,0,2899.05762619057
"465",465,3786,"Zimbabwe","South Africa",38.1111111111,"Vegetables",-19.8032402,32.8733117,0,0,17934852.6149923,26019.2001117543,8.97505447173332,0,2899.05762619057
"466",466,3786,"Zimbabwe","South Africa",38.1111111111,"Vegetables",-19.8032402,30.68914,0,-7.28821669857568e-12,15820007.4172409,24147.5822125983,8.32945919889448,0,2899.05762619057
"467",467,3786,"Zimbabwe","South Africa",38.1111111111,"Vegetables",-17.886471,32.731789,0,-2.53939409354571e-10,17541984.4048788,22538.2191614285,7.68273988141563,0,2933.61736949443
"468",468,3786,"Zimbabwe","South Africa",38.1111111111,"Vegetables",-17.886471,32.8733117,0,-2.53939409354571e-10,17541984.4048788,22538.2191614285,7.68273988141563,0,2933.61736949443
"469",469,3786,"Zimbabwe","South Africa",38.1111111111,"Vegetables",-17.886471,30.68914,0,0,17940380.8882344,25168.3936308562,8.57930345401301,0,2933.61736949443
"470",470,3788,"Burkina Faso","Singapore",214.6666666667,"Peanut",11.5029004,-3.5812692,0,-4.67358564106525e-10,14570590.3423699,17096.2806268006,5.66908250518838,0,3015.70503007391
"471",471,3788,"Burkina Faso","Singapore",214.6666666667,"Sun Flower",11.5029004,-3.5812692,0,-4.67358564106525e-10,14570590.3423699,17096.2806268006,5.66908250518838,0,3015.70503007391
"472",472,3788,"Burkina Faso","Singapore",214.6666666667,"Jatropha",11.5029004,-3.5812692,0,-4.67358564106525e-10,14570590.3423699,17096.2806268006,5.66908250518838,0,3015.70503007391
"473",473,3819,"Ethiopia","France",120,"Grapes",7.8984780399,38.7367510811,0,-1.48161969884001e-10,12988542.8215828,16014.410702653,5.24698815278775,0,3052.11489645625
"474",474,3840,"United Republic of Tanzania, Zambia","Singapore",65.1666666667,"Sun Flower",-8.4883999,31.1955,0,0,15289748.7296715,20393.0877682792,6.68982494836566,0,3048.37390001681
"475",475,3840,"United Republic of Tanzania, Zambia","Singapore",65.1666666667,"Sun Flower",-8.4883999,31.1329,0,0,15289748.7296715,20393.0877682792,6.68982494836566,0,3048.37390001681
"476",476,3840,"United Republic of Tanzania, Zambia","Singapore",65.1666666667,"Sun Flower",-8.4883999,31.127,0,0,15289748.7296715,20393.0877682792,6.68982494836566,0,3048.37390001681
"477",477,3840,"United Republic of Tanzania, Zambia","Singapore",65.1666666667,"Sun Flower",-10.118,31.1955,0,0,13131397.6283227,18254.9351573755,6.02256141555416,0,3031.09157346729
"478",478,3840,"United Republic of Tanzania, Zambia","Singapore",65.1666666667,"Sun Flower",-10.118,31.1329,0,0,13131397.6283227,18254.9351573755,6.02256141555416,0,3031.09157346729
"479",479,3840,"United Republic of Tanzania, Zambia","Singapore",65.1666666667,"Sun Flower",-10.118,31.127,0,0,13131397.6283227,18254.9351573755,6.02256141555416,0,3031.09157346729
"480",480,3840,"United Republic of Tanzania, Zambia","Singapore",65.1666666667,"Sun Flower",-9.4657,31.1955,0,0,16400464.5056859,22858.6479076333,7.51880787037037,0,3040.19577328384
"481",481,3840,"United Republic of Tanzania, Zambia","Singapore",65.1666666667,"Sun Flower",-9.4657,31.1329,0,0,16400464.5056859,22858.6479076333,7.51880787037037,0,3040.19577328384
"482",482,3840,"United Republic of Tanzania, Zambia","Singapore",65.1666666667,"Sun Flower",-9.4657,31.127,0,0,16400464.5056859,22858.6479076333,7.51880787037037,0,3040.19577328384
"483",483,3840,"United Republic of Tanzania, Zambia","Singapore",65.1666666667,"Corn (Maize)",-8.4883999,31.1955,0,0,15289748.7296715,20393.0877682792,6.68982494836566,0,3048.37390001681
"484",484,3840,"United Republic of Tanzania, Zambia","Singapore",65.1666666667,"Corn (Maize)",-8.4883999,31.1329,0,0,15289748.7296715,20393.0877682792,6.68982494836566,0,3048.37390001681
"485",485,3840,"United Republic of Tanzania, Zambia","Singapore",65.1666666667,"Corn (Maize)",-8.4883999,31.127,0,0,15289748.7296715,20393.0877682792,6.68982494836566,0,3048.37390001681
"486",486,3840,"United Republic of Tanzania, Zambia","Singapore",65.1666666667,"Corn (Maize)",-10.118,31.1955,0,0,13131397.6283227,18254.9351573755,6.02256141555416,0,3031.09157346729
"487",487,3840,"United Republic of Tanzania, Zambia","Singapore",65.1666666667,"Corn (Maize)",-10.118,31.1329,0,0,13131397.6283227,18254.9351573755,6.02256141555416,0,3031.09157346729
"488",488,3840,"United Republic of Tanzania, Zambia","Singapore",65.1666666667,"Corn (Maize)",-10.118,31.127,0,0,13131397.6283227,18254.9351573755,6.02256141555416,0,3031.09157346729
"489",489,3840,"United Republic of Tanzania, Zambia","Singapore",65.1666666667,"Corn (Maize)",-9.4657,31.1955,0,0,16400464.5056859,22858.6479076333,7.51880787037037,0,3040.19577328384
"490",490,3840,"United Republic of Tanzania, Zambia","Singapore",65.1666666667,"Corn (Maize)",-9.4657,31.1329,0,0,16400464.5056859,22858.6479076333,7.51880787037037,0,3040.19577328384
"491",491,3840,"United Republic of Tanzania, Zambia","Singapore",65.1666666667,"Corn (Maize)",-9.4657,31.127,0,0,16400464.5056859,22858.6479076333,7.51880787037037,0,3040.19577328384
"492",492,3848,"Mozambique","China",100,"Rice (hybrid)",-25.05,33.65,0,0,13811943.3433106,14601.8807310528,5.24126074779993,0,2785.94815897723
"493",493,3848,"Mozambique","China",100,"Soya Beans",-25.05,33.65,0,0,13811943.3433106,14601.8807310528,5.24126074779993,0,2785.94815897723
"494",494,3865,"Democratic Republic of the Congo","Democratic Republic of the Congo",1125,"Cacao",2.466429,20.100061,0,0,7935702.78408341,8800.72899734591,2.85935188770903,0,3077.87545673409
"495",495,3865,"Democratic Republic of the Congo","Democratic Republic of the Congo",1125,"Coffee Plant",2.466429,20.100061,0,0,7935702.78408341,8800.72899734591,2.85935188770903,0,3077.87545673409
"496",496,3865,"Democratic Republic of the Congo","Democratic Republic of the Congo",1125,"Oil Palm",2.466429,20.100061,0,0,7935702.78408341,8800.72899734591,2.85935188770903,0,3077.87545673409
"497",497,3865,"Democratic Republic of the Congo","Democratic Republic of the Congo",1125,"Rubber",2.466429,20.100061,0,0,7935702.78408341,8800.72899734591,2.85935188770903,0,3077.87545673409
"498",498,3867,"Democratic Republic of the Congo","United Kingdom of Great Britain and Northern Ireland",306.3333333333,"Eucalyptus",0.5640036,20.3308814,0,1.87789489605424e-10,11145811.4280431,14016.4520591627,4.55081632767601,0,3079.98632551284
"499",499,3867,"Democratic Republic of the Congo","United Kingdom of Great Britain and Northern Ireland",306.3333333333,"Eucalyptus",0.5640036,17.385599,0,0,10386849.7097818,13433.3980695342,4.36151224382383,0,3079.98632551284
"500",500,3867,"Democratic Republic of the Congo","United Kingdom of Great Britain and Northern Ireland",306.3333333333,"Eucalyptus",-3.3152339,20.3308814,0,0,11388258.6521834,12243.0013525447,3.98108042671915,0,3075.29616090532
"501",501,3867,"Democratic Republic of the Congo","United Kingdom of Great Britain and Northern Ireland",306.3333333333,"Eucalyptus",-3.3152339,17.385599,0,0,11899862.6240491,11985.652964177,3.89739795358397,0,3075.29616090532
"502",502,3867,"Democratic Republic of the Congo","United Kingdom of Great Britain and Northern Ireland",306.3333333333,"Oil Palm",0.5640036,20.3308814,0,1.87789489605424e-10,11145811.4280431,14016.4520591627,4.55081632767601,0,3079.98632551284
"503",503,3867,"Democratic Republic of the Congo","United Kingdom of Great Britain and Northern Ireland",306.3333333333,"Oil Palm",0.5640036,17.385599,0,0,10386849.7097818,13433.3980695342,4.36151224382383,0,3079.98632551284
"504",504,3867,"Democratic Republic of the Congo","United Kingdom of Great Britain and Northern Ireland",306.3333333333,"Oil Palm",-3.3152339,20.3308814,0,0,11388258.6521834,12243.0013525447,3.98108042671915,0,3075.29616090532
"505",505,3867,"Democratic Republic of the Congo","United Kingdom of Great Britain and Northern Ireland",306.3333333333,"Oil Palm",-3.3152339,17.385599,0,0,11899862.6240491,11985.652964177,3.89739795358397,0,3075.29616090532
"506",506,3867,"Democratic Republic of the Congo","United Kingdom of Great Britain and Northern Ireland",306.3333333333,"Rubber",0.5640036,20.3308814,0,1.87789489605424e-10,11145811.4280431,14016.4520591627,4.55081632767601,0,3079.98632551284
"507",507,3867,"Democratic Republic of the Congo","United Kingdom of Great Britain and Northern Ireland",306.3333333333,"Rubber",0.5640036,17.385599,0,0,10386849.7097818,13433.3980695342,4.36151224382383,0,3079.98632551284
"508",508,3867,"Democratic Republic of the Congo","United Kingdom of Great Britain and Northern Ireland",306.3333333333,"Rubber",-3.3152339,20.3308814,0,0,11388258.6521834,12243.0013525447,3.98108042671915,0,3075.29616090532
"509",509,3867,"Democratic Republic of the Congo","United Kingdom of Great Britain and Northern Ireland",306.3333333333,"Rubber",-3.3152339,17.385599,0,0,11899862.6240491,11985.652964177,3.89739795358397,0,3075.29616090532
"510",510,3870,"Nigeria","Singapore",3000,"Rice",8.4171593269,8.360880982,0,0,11526035.8637652,12150.1918533668,3.98579447662237,0,3048.37390001681
"511",511,3889,"United Republic of Tanzania","Mauritius",7700,"Sugar Cane",-3.338543,37.34296,0,0,14090694.862203,21518.6220184707,6.99725193691132,0,3075.29616090532
"512",512,3893,"Mozambique","Portugal",2000,"Eucalyptus",-18.9344444,32.8755556,0,0,17704432.5448848,25499.8290703189,8.7424536226353,0,2916.78173782892
"513",513,3944,"Zambia","Zambia",3000,"Oil Palm",-11.83663,31.460951,0,0,14559910.9474819,19831.6483851776,6.57612338985672,0,3015.70503007391
"514",514,4060,"Zambia","South Africa",440,"Sugar Cane",-15.866667,27.666667,0,0,13716596.6743462,16982.6523154556,5.72847446719349,0,2964.60295192269
"515",515,4174,"Uganda","Uganda",313,"Tea",0.4777722,32.0382856,0,0,13152724.6487307,16380.0954534323,5.31783141700092,0,3080.22089625965
"516",516,4175,"Uganda","Uganda",190,"Tea",0.3980556,32.4780556,0,0,13152724.6487307,16380.0954534323,5.31783141700092,0,3080.22089625965
"517",517,4281,"United Republic of Tanzania","United Kingdom of Great Britain and Northern Ireland",500,"Banana",-5.3049789,38.3165725,0,0,12038679.6448024,13805.8983925208,4.50095224197797,0,3067.32834526894
"518",518,4281,"United Republic of Tanzania","United Kingdom of Great Britain and Northern Ireland",500,"Vegetables",-5.3049789,38.3165725,0,0,12038679.6448024,13805.8983925208,4.50095224197797,0,3067.32834526894
"519",519,4287,"Zambia","United Kingdom of Great Britain and Northern Ireland",29.6,"Barley",-15.6830192,27.9676062,0,0,13716596.6743462,16982.6523154556,5.72847446719349,0,2964.60295192269
"520",520,4287,"Zambia","United Kingdom of Great Britain and Northern Ireland",29.6,"Sorghum",-15.6830192,27.9676062,0,0,13716596.6743462,16982.6523154556,5.72847446719349,0,2964.60295192269
"521",521,4287,"Zambia","United Kingdom of Great Britain and Northern Ireland",29.6,"Corn (Maize)",-15.6830192,27.9676062,0,0,13716596.6743462,16982.6523154556,5.72847446719349,0,2964.60295192269
"522",522,4287,"Zambia","United Kingdom of Great Britain and Northern Ireland",29.6,"Soya Beans",-15.6830192,27.9676062,0,0,13716596.6743462,16982.6523154556,5.72847446719349,0,2964.60295192269
"523",523,4287,"Zambia","United Kingdom of Great Britain and Northern Ireland",29.6,"Wheat",-15.6830192,27.9676062,0,0,13716596.6743462,16982.6523154556,5.72847446719349,0,2964.60295192269
"524",524,4298,"Morocco","Spain",800,"Olives",31.791702,-7.09262,0,0,2081581.03510997,2.52840770139958,0.00096529988645746,0,2619.2976264387
"525",525,4301,"Sierra Leone","United Kingdom of Great Britain and Northern Ireland",200,"Cacao",7.877183,-11.18523,0,0,12034546.4129104,12261.1591025302,4.01726655728668,0,3052.11489645625
"526",526,4305,"Guinea-Bissau","Spain",210,"Rice",12.1719444,-14.6575,0,0,16832930.9746805,17151.8321822915,5.69806290160041,0,3010.11632873938
